<?xml version="1.0" encoding="UTF-8"?>
<CallRouting name="HR_ES_App" releaseVersion="1.0" fileVersion="$Revision: 1.1 $"
	audioDir="hres_cert" start="Messages" startMode="DTMF" 
	common="CVScommon.xml, LOA.xml"
	xmlns="http://ibm.com/ivr/framework/model"
	xmlns:xsi="http://www.w3.org/2001/XMLSchema-instance" 
	xsi:schemaLocation="http://ibm.com/ivr/framework/model IVRFramework.xsd">

	<IntroAudio
		tts="Thank you for calling the CVS Caremark HR Support Center.  Please have your 7-digit employee ID available. ">
		30001.au
	</IntroAudio>
	
	<Operator>CVS_IVR</Operator>
		
	<SubMenu name="Messages" mode="DTMF" type="PromptPlay" set="attachedData.AccountID:CVS; attachedData.AccountName:CVS; attachedData.CallerVerified:0; attachedData.EmployeeID:SPACECHAR">

		<Audio cond="$context.cvsProp.temporaryMsg EQ yes" tts="Please listen carefully.  As of: (month / date TBD), our menus have changed.">
			30002.au
		</Audio>
		
		<Audio cond="$TODAY DateGE $context.cvsProp.annualEnrollStart, $TODAY DateLE $context.cvsProp.annualEnrollEnd" tts="For annual enrollment, press pound. ">
			39990.au
		</Audio>
		
		<MenuDefault targetType="Submenu" targetName="MainMenu"/>
			
	</SubMenu>

	   		               <!-- ############################ -->
	   		               
	<!--  Main Menu -->
	<SubMenu name="MainMenu" mode="DTMF">

		<Audio tts="For paycheck, payroll, tax or withholding, or time and attendance, press 1.
					Health and welfare benefits or leaves of absence, press 2.
					4 0 1(k), stock purchase plan and retirement, press 3.
					For my.cvs.com password resets or HR system support, press 4.
					To verify employment, or for all other HR matters, press 5. 
					To repeat these options, press the star key.">
			30201.au 
			pause1000.au
			39995.au
		</Audio>
		
		<Choice dtmf="*" targetType="submenu" targetMode="DTMF" targetName="MainMenu2"/>	

		<Choice dtmf="1" targetType="submenu" targetMode="DTMF" targetName="PayrollMenu"/>	
		
		<Choice dtmf="2" targetType="submenu" targetMode="DTMF" targetName="HealthWelfareLOAMenu"/>	
				
		<Choice dtmf="3" targetType="submenu" targetMode="DTMF" targetName="Retirement401kMenu"/>	
						
		<Choice dtmf="4" targetType="submenu" targetMode="DTMF" targetName="HRISPasswordMenu"/>				
		
		<Choice dtmf="5" targetType="submenu" targetMode="DTMF" targetName="AllOtherMenu"/>
		
		<Choice dtmf="#" cond="$TODAY DateGE $context.cvsProp.annualEnrollStart, $TODAY DateLE $context.cvsProp.annualEnrollEnd"
				targetType="submenu" targetMode="DTMF" targetName="PrepareForTransferToIBM"
				dest="appExitReason:AnnualEnroll; attachedData.Skill:BENEFITS"/>
		
		<!-- treat operator 0 as nomatch to move on to the next menu -->
		<Choice dtmf="0" targetType="submenu" targetName="MainMenu2"/>

		<InputError targetType="submenu" targetName="MainMenu2"/>			
	</SubMenu>
		   		               <!-- ############################ -->
	<SubMenu name="MainMenu2" mode="DTMF" repeat="*">

		<Audio tts="For paycheck, payroll, tax or withholding, or time and attendance, press 1.
					Health and welfare benefits or leaves of absence, press 2.
					401(k), stock purchase plan and retirement, press 3.
					For my.cvs.com password resets or HR system support, press 4.
					To verify employment, or for all other HR matters, press 5. 
					To repeat these options, press the star key.
					To speak with an agent, press zero.">
			30201.au 
			pause1000.au
			39995.au
			pause0500.au
			39996.au
		</Audio>	

		<Choice dtmf="1" targetType="submenu" targetMode="DTMF" targetName="PayrollMenu"/>	
		
		<Choice dtmf="2" targetType="submenu" targetMode="DTMF" targetName="HealthWelfareLOAMenu"/>	
				
		<Choice dtmf="3" targetType="submenu" targetMode="DTMF" targetName="Retirement401kMenu"/>	
						
		<Choice dtmf="4" targetType="submenu" targetMode="DTMF" targetName="HRISPasswordMenu"/>				
		
		<Choice dtmf="5" targetType="submenu" targetMode="DTMF" targetName="AllOtherMenu"/>
		
		<Choice dtmf="#" cond="$TODAY DateGE $context.cvsProp.annualEnrollStart, $TODAY DateLE $context.cvsProp.annualEnrollEnd"
				targetType="submenu" targetMode="DTMF" targetName="PrepareForTransferToIBM"
				dest="appExitReason:AnnualEnroll; attachedData.Skill:BENEFITS"/>
		
		<Choice dtmf="0" targetType="submenu" targetMode="DTMF" targetName="PrepareForTransferToIBM"
				dest="appExitReason:Operator; attachedData.Skill:ALL"/>

		<InputError targetType="submenu" targetMode="DTMF" targetName="PrepareForTransferToIBM"
				dest="appExitReason:InputError; attachedData.Skill:ALL"/>			
	</SubMenu>
		   		               <!-- ############################ -->
	<SubMenu name="PayrollMenu" mode="DTMF" repeat="*">

		<Audio tts="For paycheck information, press 1. Direct Deposit, press 2.
					Vacation information, press 3. 
					Tax or withholding, press 4. 
					Workbrain, Kronos time and attendance and all other payroll matters, press 5. 
					To repeat these options, press the star key.
					To return to the main menu, press the pound sign.">
			31000.au 
			pause1000.au
			39995.au
			39997.au
		</Audio>	

		<RepeatAudio tts="For paycheck information, press 1. Direct Deposit, press 2.
					Vacation information, press 3. 
					Tax or withholding, press 4. 
					Workbrain, Kronos time and attendance and all other payroll matters, press 5. 
					To repeat these options, press the star key.
					To return to the main menu, press the pound sign.
					To speak with an agent, press zero.">
			31000.au 
			pause1000.au
			39995.au
			39997.au
			pause0500.au
			39996.au
		</RepeatAudio>	
		
		<Choice dtmf="1" targetType="submenu" targetMode="DTMF" targetName="PayrollMenu2"/>	
		
		<Choice dtmf="2" targetType="submenu" targetMode="DTMF" targetName="PrepareForTransferToIBM"
				dest="appExitReason:DirectDeposit; attachedData.Skill:ALL"/>
				
		<Choice dtmf="3" targetType="submenu" targetMode="DTMF" targetName="Login" dest="loginNextSubMenu:GetVacation; attachedData.Skill:PAYROLLTAX"
				targetAudio="31102.au" tts="Vacation balances are also available online at  my.cvs.com. "/>	
						
		<Choice dtmf="4" targetType="submenu" targetMode="DTMF" targetName="W2Menu"/>			
		
		<Choice dtmf="5" targetType="submenu" targetMode="DTMF" targetName="PrepareForTransferToIBM"
				dest="appExitReason:OtherPayrollMatters; attachedData.Skill:WKBRAIN"/>
		
		<Choice dtmf="#" targetType="submenu" targetMode="DTMF" targetName="MainMenu"/>
		
		<Choice dtmf="0" targetType="submenu" targetMode="DTMF" targetName="PrepareForTransferToIBM"
				dest="appExitReason:Operator; attachedData.Skill:ALL"/>
		
		<InputError count="1" tts="For paycheck information, press 1. Direct Deposit, press 2.
					Vacation information, press 3. 
					Tax or withholding, press 4. 
					Workbrain, Kronos time and attendance and all other payroll matters, press 5. 
					To repeat these options, press the star key.
					To return to the main menu, press the pound sign.
					To speak with an agent, press zero.">
				31000.au 
				pause1000.au
				39995.au
				39997.au
				pause0500.au
				39996.au
		</InputError>

		<InputError count="2" targetType="submenu" targetMode="DTMF" targetName="PrepareForTransferToIBM"
				dest="appExitReason:InputError; attachedData.Skill:ALL"/>		
	</SubMenu>
	
		   		               <!-- ############################ -->
	<SubMenu name="W2Menu" mode="DTMF" repeat="*">

		<Audio tts="To request a copy of your W2, press 1.  
					For all other tax or withholding matters, press 2.
					To repeat these options, press the star key.
					To return to the main menu, press the pound sign.">
			31010.au 
			pause1000.au
			39995.au
			39997.au
		</Audio>	

		<RepeatAudio tts="To request a copy of your W2, press 1.  
					For all other tax or withholding matters, press 2. 
					To repeat these options, press the star key.
					To return to the main menu, press the pound sign.
					To speak with an agent, press zero.">
			31010.au 
			pause1000.au
			39995.au
			39997.au
			pause0500.au
			39996.au
		</RepeatAudio>	
		
		<Choice dtmf="1" targetType="submenu" targetMode="DTMF" targetName="CurrentFormerEmployeeMenu"
				dest="theWorkNumber:$context.cvsProp.TFN_The_Work_Number_W2;appExitReason:RequestW2"/>	
		
		<Choice dtmf="2" targetType="submenu" targetMode="DTMF" targetName="PrepareForTransferToIBM"
				dest="appExitReason:TaxOrWithholding; attachedData.Skill:PAYROLLTAX"/>			
		
		<Choice dtmf="#" targetType="submenu" targetMode="DTMF" targetName="MainMenu"/>
		
		<Choice dtmf="0" targetType="submenu" targetMode="DTMF" targetName="PrepareForTransferToIBM"
				dest="appExitReason:Operator; attachedData.Skill:PAYROLLTAX"/>
		
		<InputError count="1" tts="To request a copy of your W2, press 1.  
					For all other tax or withholding matters, press 2.
					To repeat these options, press the star key.
					To return to the main menu, press the pound sign.
					To speak with an agent, press zero.">
				31010.au 
				pause1000.au
				39995.au
				39997.au
				pause0500.au
				39996.au
		</InputError>

		<InputError count="2" targetType="submenu" targetMode="DTMF" targetName="PrepareForTransferToIBM"
				dest="appExitReason:InputError; attachedData.Skill:PAYROLLTAX"/>		
	</SubMenu>
	   		               <!-- ############################ -->
	<SubMenu name="PayrollMenu2" mode="DTMF" repeat="*">

		<Audio tts="To hear information about a specific paycheck, press 1.
					For direct deposit, press 2.
					For the status of paycheck delivery for a store, press 3.
					For all other payroll matters, press 4.
					To repeat these options, press the star key.
					To return to the main menu, press the pound sign.">
			31100.au 
			pause1000.au
			39995.au
			39997.au
		</Audio>	

		<RepeatAudio tts="To hear information about a specific paycheck, press 1.
					For direct deposit, press 2.
					For the status of paycheck delivery for a store, press 3.
					For all other payroll matters, press 4.
					To repeat these options, press the star key.
					To return to the main menu, press the pound sign.
					To speak with an agent, press zero.">
			31100.au 
			pause1000.au
			39995.au
			39997.au
			pause0500.au
			39996.au
		</RepeatAudio>	
		
		<Choice dtmf="1" targetType="submenu" targetMode="DTMF" targetName="EZPayrollAvailableCheck"
				handler="com.ibm.ivr.cvs.handler.CheckEZPayrollAvailability"/>	
		
		<Choice dtmf="2" targetType="submenu" targetMode="DTMF" targetName="PrepareForTransferToIBM"
				dest="appExitReason:DirectDeposit2; attachedData.Skill:ALL"/>
				
		<Choice dtmf="3" targetType="submenu" targetMode="DTMF" targetName="Login" dest="loginNextSubMenu:MSSGetStoreNumber; attachedData.Skill:PAYROLLTAX"/>		
						
		<Choice dtmf="4" targetType="submenu" targetMode="DTMF" targetName="PrepareForTransferToIBM"
				dest="appExitReason:OtherPayRollMatters2; attachedData.Skill:PAYROLLTAX"/>			
		
		<Choice dtmf="#" targetType="submenu" targetMode="DTMF" targetName="MainMenu"/>
		
		<Choice dtmf="0" targetType="submenu" targetMode="DTMF" targetName="PrepareForTransferToIBM"
				dest="appExitReason:Operator; attachedData.Skill:ALL"/>
		
		<InputError count="1" tts="To hear information about a specific paycheck, press 1.
					For direct deposit, press 2.
					For the status of paycheck delivery for a store, press 3.
					For all other payroll matters, press 4.
					To repeat these options, press the star key.
					To return to the main menu, press the pound sign.
					To speak with an agent, press zero.">
				31100.au 
				pause1000.au
				39995.au
				39997.au
				pause0500.au
				39996.au
		</InputError>

		<InputError count="2" targetType="submenu" targetMode="DTMF" targetName="PrepareForTransferToIBM"
				dest="appExitReason:InputError; attachedData.Skill:ALL"/>	
	</SubMenu>
		   		               <!-- ############################ -->
		   		               
	<SubMenu name="HealthWelfareLOAMenu" mode="DTMF" repeat="*">

		<Audio tts="For medical, prescription, dental, vision claims, FSAs (slight pause) or for a list of carriers, press 1. 
					For Aetna Affordable Health Choices or COBRA continuation of coverage, press 2. 
					Life and AD and D insurance, press 3. 
					Leaves of absence, disability, or workers comp, press 4. 
					To repeat these options, press the star key.
					To return to the main menu, press the pound sign.">
			32000.au 
			pause1000.au
			39995.au
			39997.au
		</Audio>	

		<RepeatAudio tts="For medical, prescription, dental, vision claims, FSAs (slight pause) or for a list of carriers, press 1.
					For Aetna Affordable Health Choices or COBRA continuation of coverage, press 2. 
					Life and AD and D insurance, press 3. 
					Leaves of absence, disability, or workers comp, press 4. 
					To repeat these options, press the star key.
					To return to the main menu, press the pound sign.
					To speak with an agent, press zero.">
			32000.au 
			pause1000.au
			39995.au
			39997.au
			pause0500.au
			39996.au
		</RepeatAudio>	
		
		<Choice dtmf="1" targetType="submenu" targetMode="DTMF" targetName="BenefitsMenu" />	
		
		<Choice dtmf="2" targetType="submenu" targetMode="DTMF" targetName="COBRAMenu"/>	
				
		<Choice dtmf="3" targetType="Agent" targetMode="DTMF" targetName="ThirdPartyTxfer.UNUM_LifeInsurance" dest="$context.cvsProp.TFN_UNUM_LifeIns"/>		
						
		<Choice dtmf="4" targetType="submenu" targetMode="DTMF" targetName="HealthWelfareLOAMenu2"/>				
		
		<Choice dtmf="#" targetType="submenu" targetMode="DTMF" targetName="MainMenu"/>
		
		<Choice dtmf="0" targetType="submenu" targetMode="DTMF" targetName="PrepareForTransferToIBM"
				dest="appExitReason:Operator; attachedData.Skill:ALL"/>
		
		<InputError count="1" tts="For medical, prescription, dental, vision claims, FSAs (slight pause) or for a list of carriers, press 1.
					For Aetna Affordable Health Choices or COBRA continuation of coverage, press 2. 
					Life and AD and D insurance, press 3. 
					Leaves of absence, disability, or workers comp, press 4. 
					To repeat these options, press the star key.
					To return to the main menu, press the pound sign.
					To speak with an agent, press zero.">
				32000.au 
				pause1000.au
				39995.au
				39997.au
				pause0500.au
				39996.au
		</InputError>

		<InputError count="2" targetType="submenu" targetMode="DTMF" targetName="PrepareForTransferToIBM"
				dest="appExitReason:InputError; attachedData.Skill:ALL"/>		
	</SubMenu>
	
			   		       <!-- ############################ -->
		   		               
	<SubMenu name="HealthWelfareLOAMenu2" mode="DTMF" repeat="*">

		<Audio tts="For leave of absence or disability matters, press 1. 
					To report a new work-related injury, press 2. 
					For questions about a new worker’s comp claim, press 3. 
					To repeat these options, press the star key.
					To return to the main menu, press the pound sign.">
			32400.au 
			pause1000.au
			39995.au
			39997.au
		</Audio>	

		<RepeatAudio tts="For leave of absence or disability matters, press 1. 
					To report a new work-related injury, press 2. 
					For questions about a new worker’s comp claim, press 3. 
					To repeat these options, press the star key.
					To return to the main menu, press the pound sign.
					To speak with an agent, press zero.">
			32400.au 
			pause1000.au
			39995.au
			39997.au
			pause0500.au
			39996.au
		</RepeatAudio>	
		
		<Choice dtmf="1" targetType="submenu" targetMode="DTMF" targetName="Login" dest="loginNextSubMenu:LOADisabilityMenu;loginFailedSubMenu:TransferToCVSLOA"/>	
		
		<Choice dtmf="2" targetType="Agent" targetMode="DTMF" targetName="ThirdPartyTxfer.MedInsights" dest="$context.cvsProp.TFN_Med_Insights"/>			
				
		<Choice dtmf="3" targetType="submenu" targetMode="DTMF" targetName="IdentifyEmployee" dest="identifyNextSubMenu:IdentifyGABNumber"/>		
						
		<Choice dtmf="#" targetType="submenu" targetMode="DTMF" targetName="MainMenu"/>
		
		<Choice dtmf="0" targetType="submenu" targetMode="DTMF" targetName="PrepareForTransferToIBM"
				dest="appExitReason:Operator; attachedData.Skill:ALL"/>
		
		<InputError count="1" tts="For leave of absence or disability matters, press 1. 
					To report a new work-related injury, press 2. 
					For questions about a new worker’s comp claim, press 3. 
					To repeat these options, press the star key.
					To return to the main menu, press the pound sign.
					To speak with an agent, press zero.">
				32400.au 
				pause1000.au
				39995.au
				39997.au
				pause0500.au
				39996.au
		</InputError>

		<InputError count="2" targetType="submenu" targetMode="DTMF" targetName="PrepareForTransferToIBM"
				dest="appExitReason:InputError; attachedData.Skill:ALL"/>			
	</SubMenu>
	
							<!-- ############################ -->
								
	<SubMenu name="IdentifyGABNumber" mode="DTMF" type="BusinessLogic" markPosition="false">
 			<MenuDefault targetType="Submenu" targetMode="DTMF" targetName="TransferToGAB"
 				handler="com.ibm.ivr.cvs.handler.GetGABNumber"/>			
	</SubMenu>  							

	<SubMenu name="TransferToGAB" mode="DTMF" type="BusinessLogic" markPosition="false">
 			<MenuDefault targetType="Agent" targetMode="DTMF" targetName="ThirdPartyTxfer.StateBasedGAB"
 				dest="$GABNumber"/>			
	</SubMenu>  	
	
							<!-- ############################ -->	
							
	<SubMenu name="GetVacation" mode="DTMF" type="BusinessLogic" markPosition="false">
 			<MenuDefault targetType="Submenu" targetMode="DTMF" targetName="GetVacationResult"
 				handler="com.ibm.ivr.cvs.handler.GetVacationHours"/>			
	</SubMenu>  	
	
	 <SubMenu name="GetVacationResult" mode="DTMF" type="BusinessLogic">
	 		<Email cond="$hRC EQ C, $context.emailAlerts.dbConnectionFailed EQ NULL" 
						subject="DB connection Failure" alert="dbConnectionFailed"/>
	 	
			<MenuDefault cond="$hRC EQ S" 
			            targetType="submenu" targetMode="DTMF" targetName="EZVacationMenu" />
				         
			<MenuDefault targetType="submenu" targetMode="DTMF" targetName="PrepareForTransferToIBM"
			 			dest="appExitReason:FailedToGetVacation; attachedData.Skill:PAYROLLTAX"/>
				
	</SubMenu>								

	<SubMenu name="EZVacationMenu" mode="DTMF" repeat="1">

		<Audio cond="$vacationHrsAvailable EQ TRUE " tts="For plan year: (vacationPlanYear:number)
					You have been allocated: (employee.vacAllocatedHours:number) vacation hours.
					You have used: (employee.vacUsedHours:number) vacation hours.
					Of your full year's allocation, you have earned: 
					(employee.vacEarnedHours:number) vacation hours.
					
					To repeat the information you just heard, press 1.
					To return to the main menu, press the pound sign.
					To speak with an agent, press zero.">
			31215.au (vacationPlanYear:YYYY)
			31216.au (employee.vacAllocatedHours:number) 31217.au
			31218.au (employee.vacUsedHours:number) 31217.au
			31220.au (employee.vacEarnedHours:number) 31217.au
			
			31230.au
			39997.au
			39996.au
		</Audio>	

		<Audio cond="$vacationHrsAvailable EQ FALSE" tts="During January, vacation allocations are calculated and
					finalized for the upcoming year. Starting in February, you will find your
					vacation information listed on your paycheck, or you can call back. If you 
					have an immediate question about your vacation allocation for the upcoming 
					year, please speak with your supervisor.
					
					To repeat the information you just heard, press 1.
					To return to the main menu, press the pound sign.
					To speak with an agent, press zero.">
			10691.au
			31230.au
			39997.au
			39996.au
			
		</Audio>
								
		<Choice dtmf="#" targetType="submenu" targetMode="DTMF" targetName="MainMenu"/>
		
		<Choice dtmf="0" targetType="submenu" targetMode="DTMF" targetName="PrepareForTransferToIBM"
				dest="appExitReason:Operator; attachedData.Skill:PAYROLLTAX"/>
		
		<InputError count="1" reprompt="true"/>

		<InputError count="2" targetType="submenu" targetMode="DTMF" targetName="PrepareForTransferToIBM"
				dest="appExitReason:InputError; attachedData.Skill:PAYROLLTAX"/>			
	</SubMenu>
	
				   		       <!-- ############################ -->
		   		               
	<SubMenu name="Retirement401kMenu" mode="DTMF" repeat="*">

		<Audio tts="For 401(k) or the 1165e plans, press 1.
					Employee Stock Purchase Plan, press 2.
					Pension questions, press 3.
					For all other retirement matters, press 4. 
					To repeat these options, press the star key.
					To return to the main menu, press the pound sign.">
			33000.au 
			pause1000.au
			39995.au
			39997.au
		</Audio>	

		<RepeatAudio tts="For 401(k) or the 1165e plans, press 1.
					Employee Stock Purchase Plan, press 2.
					Pension questions, press 3.
					For all other retirement matters, press 4. 
					To repeat these options, press the star key.
					To return to the main menu, press the pound sign.
					To speak with an agent, press zero.">
			33000.au 
			pause1000.au
			39995.au
			39997.au
			pause0500.au
			39996.au
		</RepeatAudio>	
		
		<Choice dtmf="1" targetType="submenu" targetMode="DTMF" targetName="401k1165eMenu" />	
		
		<Choice dtmf="2" targetType="submenu" targetMode="DTMF" targetName="EmployeeStockPurchasePlanMenu" />			
				
		<Choice dtmf="3" targetType="submenu" targetMode="DTMF" targetName="PensionMenu" />	
		
		<Choice dtmf="4" targetType="submenu" targetMode="DTMF" targetName="PrepareForTransferToIBM"
				dest="appExitReason:AllOtherRetirementMatters; attachedData.Skill:ALL"/>		
						
		<Choice dtmf="#" targetType="submenu" targetMode="DTMF" targetName="MainMenu"/>
		
		<Choice dtmf="0" targetType="submenu" targetMode="DTMF" targetName="PrepareForTransferToIBM"
				dest="appExitReason:Operator; attachedData.Skill:ALL"/>
		
		<InputError count="1" tts="For 401(k) or the 1165e plans, press 1.
					Employee Stock Purchase Plan, press 2.
					Pension questions, press 3.
					For all other retirement matters, press 4. 
					To repeat these options, press the star key.
					To return to the main menu, press the pound sign.
					To speak with an agent, press zero.">
				33000.au 
				pause1000.au
				39995.au
				39997.au
				pause0500.au
				39996.au
		</InputError>

		<InputError count="2" targetType="submenu" targetMode="DTMF" targetName="PrepareForTransferToIBM"
				dest="appExitReason:InputError; attachedData.Skill:ALL"/>			
	</SubMenu>
	
							<!-- ############################ -->

	<SubMenu name="EmployeeStockPurchasePlanMenu" mode="DTMF" repeat="*">

		<Audio tts="To order a brochure about the Employee Stock Purchase Plan, press 1.
					To contact Bank New York Mellon , press 2.
					For all other questions about ESPP, press 3.
					To repeat these options, press the star key.
					To return to the main menu, press the pound sign.">
			33200.au 
			pause1000.au
			39995.au
			39997.au
		</Audio>	

		<RepeatAudio tts="To order a brochure about the Employee Stock Purchase Plan, press 1.
					To contact Bank New York Mellon , press 2.
					For all other questions about ESPP, press 3.
					To repeat these options, press the star key.
					To return to the main menu, press the pound sign.
					To speak with an agent, press zero.">
			33200.au 
			pause1000.au
			39995.au
			39997.au
			pause0500.au
			39996.au
		</RepeatAudio>	
		
		<Choice dtmf="1" targetType="submenu" targetMode="DTMF" targetName="PrepareForTransferToIBM"
				dest="appExitReason:OrderESPPBrochure; attachedData.Skill:ALL"/>	
		
		<Choice dtmf="2" targetType="agent" targetMode="DTMF" targetName="ThirdPartyTxfer.BankNewYorkMellon" dest="$context.cvsProp.TFN_Bank_NewYork_Mellon"/>			
				
		<Choice dtmf="3" targetType="submenu" targetMode="DTMF" targetName="PrepareForTransferToIBM"
				dest="appExitReason:OtherESPPQuestions; attachedData.Skill:ALL"/>	
						
		<Choice dtmf="#" targetType="submenu" targetMode="DTMF" targetName="MainMenu"/>
		
		<Choice dtmf="0" targetType="submenu" targetMode="DTMF" targetName="PrepareForTransferToIBM"
				dest="appExitReason:Operator; attachedData.Skill:ALL"/>
		
		<InputError count="1" tts="To order a brochure about the Employee Stock Purchase Plan, press 1.
					To contact Bank New York Mellon , press 2.
					For all other questions about ESPP, press 3.
					To repeat these options, press the star key.
					To return to the main menu, press the pound sign.
					To speak with an agent, press zero.">
				33200.au 
				pause1000.au
				39995.au
				39997.au
				pause0500.au
				39996.au
		</InputError>

		<InputError count="2" targetType="submenu" targetMode="DTMF" targetName="PrepareForTransferToIBM"
				dest="appExitReason:InputError; attachedData.Skill:ALL"/>			
	</SubMenu>		
	
							<!-- ############################ -->

	<SubMenu name="HRISPasswordMenu" mode="DTMF" repeat="*">

		<Audio tts="For employee zone or my.cvs.com password resets, press 1.
					Workbrain or Kronos time and attendance support, press 2.
					People Soft and all other HR system support, press 3.
					To repeat these options, press the star key.
					To return to the main menu, press the pound sign.">
			34000.au 
			pause1000.au
			39995.au
			39997.au
		</Audio>	

		<RepeatAudio tts="For employee zone or my.cvs.com password resets, press 1.
					Workbrain or Kronos time and attendance support, press 2.
					People Soft and all other HR system support, press 3.
					To repeat these options, press the star key.
					To return to the main menu, press the pound sign.
					To speak with an agent, press zero.">
			34000.au 
			pause1000.au
			39995.au
			39997.au
			pause0500.au
			39996.au
		</RepeatAudio>	
		
		<Choice dtmf="1" targetType="submenu" targetMode="DTMF" targetName="PrepareForTransferToIBM"
				dest="appExitReason:EmployeeZonePassword; attachedData.Skill:MYCVS"/>	
				
		<Choice dtmf="2" targetType="submenu" targetMode="DTMF" targetName="PrepareForTransferToIBM"
				dest="appExitReason:WorkBrainKronosSupport; attachedData.Skill:WKBRAIN"/>	
		
		<Choice dtmf="3" targetType="agent" targetMode="DTMF" targetName="PeopleSoftAndOtherHRSupport" dest="$context.cvsProp.TFN_Tulsa_Help_Desk"/>			
						
		<Choice dtmf="#" targetType="submenu" targetMode="DTMF" targetName="MainMenu"/>
		
		<Choice dtmf="0" targetType="submenu" targetMode="DTMF" targetName="PrepareForTransferToIBM"
				dest="appExitReason:Operator; attachedData.Skill:MYCVS"/>
		
		<InputError count="1" tts="For employee zone or my.cvs.com password resets, press 1.
					Workbrain or Kronos time and attendance support, press 2.
					People Soft and all other HR system support, press 3.
					To repeat these options, press the star key.
					To return to the main menu, press the pound sign.
					To speak with an agent, press zero.">
				34000.au 
				pause1000.au
				39995.au
				39997.au
				pause0500.au
				39996.au
		</InputError>

		<InputError count="2" targetType="submenu" targetMode="DTMF" targetName="PrepareForTransferToIBM"
				dest="appExitReason:InputError; attachedData.Skill:ALL"/>			
	</SubMenu>			

										<!-- ############################ -->

	<SubMenu name="AllOtherMenu" mode="DTMF" repeat="*">

		<Audio tts="For Employment Verification, press 1.
						To make personal information changes, press 2. 
						Vacation information, press 3.
						For all other HR matters, press 4.
					To repeat these options, press the star key.
					To return to the main menu, press the pound sign.">
			35000.au 
			pause1000.au
			39995.au
			39997.au
		</Audio>	

		<RepeatAudio tts="For Employment Verification, press 1.
						To make personal information changes, press 2. 
						Vacation information, press 3.
						For all other HR matters, press 4.
					To repeat these options, press the star key.
					To return to the main menu, press the pound sign.
					To speak with an agent, press zero.">
			35000.au 
			pause1000.au
			39995.au
			39997.au
			pause0500.au
			39996.au
		</RepeatAudio>	
		
		<Choice dtmf="1" targetType="submenu" targetMode="DTMF" targetName="EmploymentVerificationMenu" />	
				
		<Choice dtmf="2" targetType="submenu" targetMode="DTMF" targetName="PrepareForTransferToIBM"
				dest="appExitReason:PersonalInformationChange; attachedData.Skill:ALL"/>	
				
		<Choice dtmf="3" targetType="submenu" targetMode="DTMF" targetName="Login" dest="loginNextSubMenu:GetVacation; attachedData.Skill:PAYROLLTAX"
				targetAudio="35300.au" tts="Vacation balances are also available online at  my.cvs.com. "/>
				
		<Choice dtmf="4" targetType="submenu" targetMode="DTMF" targetName="PrepareForTransferToIBM"
				dest="appExitReason:AllOtherHRMatters; attachedData.Skill:ALL"/>	
						
		<Choice dtmf="#" targetType="submenu" targetMode="DTMF" targetName="MainMenu"/>
		
		<Choice dtmf="0" targetType="submenu" targetMode="DTMF" targetName="PrepareForTransferToIBM"
				dest="appExitReason:Operator; attachedData.Skill:ALL"/>
		
		<InputError count="1" tts="For Employment Verification, press 1.
						To make personal information changes, press 2. 
						Vacation information, press 3.
						For all other HR matters, press 4.
					To repeat these options, press the star key.
					To return to the main menu, press the pound sign.
					To speak with an agent, press zero.">
				35000.au 
				pause1000.au
				39995.au
				39997.au
				pause0500.au
				39996.au
		</InputError>

		<InputError count="2" targetType="submenu" targetMode="DTMF" targetName="PrepareForTransferToIBM"
				dest="appExitReason:InputError; attachedData.Skill:ALL"/>			
	</SubMenu>		
	
							<!-- ############################ -->

	<SubMenu name="EmploymentVerificationMenu" mode="DTMF" repeat="*">

		<Audio tts="If you are a current or former employee, press 1. 
					If you are calling  from an outside agency, press 2.
					To repeat these options, press the star key.
					To return to the main menu, press the pound sign.">
			35100.au 
			pause1000.au
			39995.au
			39997.au
		</Audio>	

		<RepeatAudio tts="If you are a current or former employee, press 1. 
					If you are calling  from an outside agency, press 2. 
					To repeat these options, press the star key.
					To return to the main menu, press the pound sign.
					To speak with an agent, press zero.">
			35100.au 
			pause1000.au
			39995.au
			39997.au
			pause0500.au
			39996.au
		</RepeatAudio>	
		
		<Choice dtmf="1" targetType="submenu" targetMode="DTMF" targetName="CurrentFormerEmployeeMenu" 
				dest="theWorkNumber:$context.cvsProp.TFN_The_Work_Number_Auto;appExitReason:ThirdPartyTxfer.EmployeeToWorkNumber"/>
				
		<Choice dtmf="2" targetType="submenu" targetMode="DTMF" targetName="OutsideAgencyMenu"
				dest="theWorkNumber:$context.cvsProp.TFN_The_Work_Number_CSC;appExitReason:ThirdPartyTxfer.OutsideAgencyToWorkNumber"/>	
						
		<Choice dtmf="#" targetType="submenu" targetMode="DTMF" targetName="MainMenu"/>
		
		<Choice dtmf="0" targetType="submenu" targetMode="DTMF" targetName="PrepareForTransferToIBM"
				dest="appExitReason:Operator; attachedData.Skill:ALL"/>
		
		<InputError count="1" tts="If you are a current or former employee, press 1. 
					If you are calling  from an outside agency, press 2. 
					To repeat these options, press the star key.
					To return to the main menu, press the pound sign.
					To speak with an agent, press zero.">
				35100.au 
				pause1000.au
				39995.au
				39997.au
				pause0500.au
				39996.au
		</InputError>

		<InputError count="2" targetType="submenu" targetMode="DTMF" targetName="PrepareForTransferToIBM"
				dest="appExitReason:InputError; attachedData.Skill:ALL"/>			
	</SubMenu>		

							<!-- ############################ -->

	<SubMenu name="CurrentFormerEmployeeMenu" mode="DTMF">

		<Audio tts="Your call is being transferred to The Work Number. 
					You will need to know your PIN number and the CVS Caremark company code.
					For instructions about how to find these, press 1.
					Otherwise, please stay on the line.">
			35101.au 
		</Audio>	
		
		<Choice dtmf="1" targetType="submenu" targetMode="DTMF" targetName="EmploymentVerificationInstructions" />		
						
		<Choice dtmf="#" targetType="submenu" targetMode="DTMF" targetName="MainMenu"/>
		
		<Choice dtmf="0" targetType="submenu" targetMode="DTMF" targetName="PrepareForTransferToIBM" 
				dest="appExitReason:Operator; attachedData.Skill:ALL"/>
		
		<NoInput count="1" targetType="agent" targetName="$appExitReason" dest="$theWorkNumber"/>
				
		<NoMatch count="1" reprompt="true">
		</NoMatch>

		<NoMatch count="2" targetType="submenu" targetMode="DTMF" targetName="PrepareForTransferToIBM"
				dest="appExitReason:InputError; attachedData.Skill:ALL"/>			
	</SubMenu>			
	
							<!-- ############################ -->

	<SubMenu name="EmploymentVerificationInstructions" mode="DTMF" vxml="timeout:1.5s">

		<Audio tts="For prompt service, you may access The Work Number at theworknumber.com. 
					A printed version from this website will be accepted by the IRS.
					Please follow their instructions. The company code for CVS Caremark is 10259. 
					Your temporary PIN is the last four digits of your social security number, 
					followed by the two-digit month and year you were born.
					To repeat this information, press the star key.">
			35102.au 
		</Audio>	
		
		<Choice dtmf="#" targetType="submenu" targetMode="DTMF" targetName="MainMenu"/>
		
		<Choice dtmf="0" targetType="submenu" targetMode="DTMF" targetName="PrepareForTransferToIBM" 
				dest="appExitReason:Operator; attachedData.Skill:ALL"/>
		
		<NoInput count="1" targetType="agent" targetName="$appExitReason" dest="$theWorkNumber"/>
				
		<NoMatch count="1" reprompt="true">
		</NoMatch>

		<NoMatch count="2" targetType="submenu" targetMode="DTMF" targetName="PrepareForTransferToIBM"
				dest="appExitReason:InputError; attachedData.Skill:ALL"/>			
	</SubMenu>				
	
							<!-- ############################ -->

	<SubMenu name="OutsideAgencyMenu" mode="DTMF" type="PromptPlay">

		<Audio tts="Your call is being transferred to The Work Number. To obtain employment-related 
					data please have the CVS Caremark company code, the employee’s social security number
					and salary key code available.">
			35103.au 
		</Audio>	
		
		<MenuDefault targetType="agent" targetName="$appExitReason" dest="$theWorkNumber"/>
					
	</SubMenu>				
		
							<!-- ############################ -->

	<SubMenu name="BenefitsMenu" mode="DTMF" repeat="*">

		<Audio tts="For Medical, press 1. 
					Prescription, press 2.
					Dental, press 3.
					Vision, press 4.
					For health or dependent care FSA inquiries, press 5. 
					To repeat these options, press the star key.
					To return to the main menu, press the pound sign.">
			32100.au 
			pause1000.au
			39995.au
			39997.au
		</Audio>	

		<RepeatAudio tts="For Medical, press 1. 
					Prescription, press 2.
					Dental, press 3.
					Vision, press 4.
					For health or dependent care FSA inquiries, press 5. 
					To repeat these options, press the star key.
					To return to the main menu, press the pound sign.
					To speak with an agent, press zero.">
			32100.au 
			pause1000.au
			39995.au
			39997.au
			pause0500.au
			39996.au
		</RepeatAudio>	
		
		<Choice dtmf="1" targetType="submenu" targetMode="DTMF" targetName="VendorMenu" />	
				
		<Choice dtmf="2" targetType="agent" targetName="ThirdPartyTxfer.PrescriptionBenefits" dest="$context.cvsProp.TFN_Caremark_Prescription_Service"/>
		
		<Choice dtmf="3" targetType="submenu" targetMode="DTMF" targetName="DentalMenu" />	
		
		<Choice dtmf="4" targetType="agent" targetName="ThirdPartyTxfer.VisionBenefits" dest="$context.cvsProp.TFN_VSP"/>
		
		<Choice dtmf="5" targetType="agent" targetName="ThirdPartyTxfer.FSAInquiries" dest="$context.cvsProp.TFN_Benefit_Strategies"/>		
						
		<Choice dtmf="#" targetType="submenu" targetMode="DTMF" targetName="MainMenu"/>
		
		<Choice dtmf="0" targetType="submenu" targetMode="DTMF" targetName="PrepareForTransferToIBM"
				dest="appExitReason:Operator; attachedData.Skill:ALL"/>
		
		<InputError count="1" tts="For Medical, press 1. 
					Prescription, press 2.
					Dental, press 3.
					Vision, press 4.
					For health or dependent care FSA inquiries, press 5. 
					To repeat these options, press the star key.
					To return to the main menu, press the pound sign.
					To speak with an agent, press zero.">
				32100.au 
				pause1000.au
				39995.au
				39997.au
				pause0500.au
				39996.au
		</InputError>

		<InputError count="2" targetType="submenu" targetMode="DTMF" targetName="PrepareForTransferToIBM"
				dest="appExitReason:InputError; attachedData.Skill:ALL"/>			
	</SubMenu>	

					<!-- ############################ -->

	<SubMenu name="VendorMenu" mode="DTMF" repeat="*">

		<Audio tts="Blue Cross Blue Shield of Rhode Island, press 1. 
					Aetna, press 2. 
					United Healthcare, press 3. 
					Kaiser Permanente, press 4. 
					Health Net, press 5. 
					HMSA, press 6. 
					Triple S, press 7.
					To repeat these options, press the star key.
					To return to the main menu, press the pound sign.">
			32120.au 
			pause1000.au
			39995.au
			39997.au
		</Audio>	

		<RepeatAudio tts="Blue Cross Blue Shield of Rhode Island, press 1. 
					Aetna, press 2. 
					United Healthcare, press 3. 
					Kaiser Permanente, press 4. 
					Health Net, press 5. 
					HMSA, press 6. 
					Triple S, press 7.
					To repeat these options, press the star key.
					To return to the main menu, press the pound sign.
					To speak with an agent, press zero.">
			32120.au 
			pause1000.au
			39995.au
			39997.au
			pause0500.au
			39996.au
		</RepeatAudio>	
		
		<Choice dtmf="1" targetType="agent" targetName="ThirdPartyTxfer.BCBS_RI" dest="$context.cvsProp.TFN_BCBS_RI"/>
				
		<Choice dtmf="2" targetType="agent" targetName="ThirdPartyTxfer.Aetna" dest="$context.cvsProp.TFN_Aetna"/>
		
		<Choice dtmf="3" targetType="agent" targetName="ThirdPartyTxfer.UnitedHealthcare" dest="$context.cvsProp.TFN_United_Healthcare"/>
		
		<Choice dtmf="4" targetType="agent" targetName="ThirdPartyTxfer.KaiserPermanente" dest="$context.cvsProp.TFN_Kaiser_Permanente"/>
		
		<Choice dtmf="5" targetType="agent" targetName="ThirdPartyTxfer.HealthNet" dest="$context.cvsProp.TFN_HealthNet"/>		

		<Choice dtmf="6" targetType="agent" targetName="ThirdPartyTxfer.HMSA" dest="$context.cvsProp.TFN_HMSA"/>		

		<Choice dtmf="7" targetType="agent" targetName="ThirdPartyTxfer.TripleS" dest="$context.cvsProp.TFN_TripleS"/>		
						
		<Choice dtmf="#" targetType="submenu" targetMode="DTMF" targetName="MainMenu"/>
		
		<Choice dtmf="0" targetType="submenu" targetMode="DTMF" targetName="PrepareForTransferToIBM"
				dest="appExitReason:Operator; attachedData.Skill:ALL"/>
		
		<InputError count="1" tts="Blue Cross Blue Shield of Rhode Island, press 1. 
					Aetna, press 2. 
					United Healthcare, press 3. 
					Kaiser Permanente, press 4. 
					Health Net, press 5. 
					HMSA, press 6. 
					Triple S, press 7.
					To repeat these options, press the star key.
					To return to the main menu, press the pound sign.
					To speak with an agent, press zero.">
				32120.au 
				pause1000.au
				39995.au
				39997.au
				pause0500.au
				39996.au
		</InputError>

		<InputError count="2" targetType="submenu" targetMode="DTMF" targetName="PrepareForTransferToIBM"
				dest="appExitReason:InputError; attachedData.Skill:ALL"/>			
	</SubMenu>		
	
					<!-- ############################ -->

	<SubMenu name="COBRAMenu" mode="DTMF" repeat="*">

		<Audio tts="For Aetna Affordable Health Choices, press 1. 
					COBRA continuation of insurance for retail employees, press 2. 
					COBRA continuation of insurance for PBM employees, press 3. 
					To repeat these options, press the star key.
					To return to the main menu, press the pound sign.">
			32200.au 
			pause1000.au
			39995.au
			39997.au
		</Audio>	

		<RepeatAudio tts="For Aetna Affordable Health Choices, press 1. 
					COBRA continuation of insurance for retail employees, press 2. 
					COBRA continuation of insurance for PBM employees, press 3. 
					To repeat these options, press the star key.
					To return to the main menu, press the pound sign.
					To speak with an agent, press zero.">
			32200.au 
			pause1000.au
			39995.au
			39997.au
			pause0500.au
			39996.au
		</RepeatAudio>	
				
		<Choice dtmf="1" targetType="agent" targetName="ThirdPartyTxfer.AetnaAffordableHealthChoices" dest="$context.cvsProp.TFN_AetnaEnroll"/>
		
		<Choice dtmf="2" targetType="agent" targetName="ThirdPartyTxfer.RetailEmployeeCOBRA" dest="$context.cvsProp.TFN_SHPS"/>
		
		<Choice dtmf="3" targetType="agent" targetName="ThirdPartyTxfer.PBMEmployeeCOBRA" dest="$context.cvsProp.TFN_Benefit_Strategies"/>	
						
		<Choice dtmf="#" targetType="submenu" targetMode="DTMF" targetName="MainMenu"/>
		
		<Choice dtmf="0" targetType="submenu" targetMode="DTMF" targetName="PrepareForTransferToIBM"
				dest="appExitReason:Operator; attachedData.Skill:ALL"/>
		
		<InputError count="1" tts="For Aetna Affordable Health Choices, press 1. 
					COBRA continuation of insurance for retail employees, press 2. 
					COBRA continuation of insurance for PBM employees, press 3. 
					To repeat these options, press the star key.
					To return to the main menu, press the pound sign.
					To speak with an agent, press zero.">
				32200.au 
				pause1000.au
				39995.au
				39997.au
				pause0500.au
				39996.au
		</InputError>

		<InputError count="2" targetType="submenu" targetMode="DTMF" targetName="PrepareForTransferToIBM"
				dest="appExitReason:InputError; attachedData.Skill:ALL"/>			
	</SubMenu>		


					<!-- ############################ -->

	<SubMenu name="DentalMenu" mode="DTMF" repeat="*">

		<Audio tts="For Delta Dental PPO, press 1.
					Aetna Dental DMO, press 2.
					To repeat these options, press the star key.
					To return to the main menu, press the pound sign.">
			32420.au 
			pause1000.au
			39995.au
			39997.au
		</Audio>	

		<RepeatAudio tts="For Delta Dental PPO, press 1.
					Aetna Dental DMO, press 2.
					To repeat these options, press the star key.
					To return to the main menu, press the pound sign.
					To speak with an agent, press zero.">
			32420.au 
			pause1000.au
			39995.au
			39997.au
			pause0500.au
			39996.au
		</RepeatAudio>	
				
			
		<Choice dtmf="1" targetType="agent" targetName="ThirdPartyTxfer.DeltaDentalPPO" dest="$context.cvsProp.TFN_Delta_Dental"/>
				
		<Choice dtmf="2" targetType="agent" targetName="ThirdPartyTxfer.AetnaDentalPMO" dest="$context.cvsProp.TFN_Aetna_Dental"/>
		
		<Choice dtmf="#" targetType="submenu" targetMode="DTMF" targetName="MainMenu"/>
		
		<Choice dtmf="0" targetType="submenu" targetMode="DTMF" targetName="PrepareForTransferToIBM"
				dest="appExitReason:Operator; attachedData.Skill:ALL"/>
		
		<InputError count="1" tts="For Delta Dental PPO, press 1.
					Aetna Dental DMO, press 2.
					To repeat these options, press the star key.
					To return to the main menu, press the pound sign.
					To speak with an agent, press zero.">
				32420.au 
				pause1000.au
				39995.au
				39997.au
				pause0500.au
				39996.au
		</InputError>

		<InputError count="2" targetType="submenu" targetMode="DTMF" targetName="PrepareForTransferToIBM"
				dest="appExitReason:InputError; attachedData.Skill:ALL"/>			
	</SubMenu>		

					<!-- ############################ -->

	<SubMenu name="401k1165eMenu" mode="DTMF" repeat="*">

		<Audio tts="For Future Fund, press 1.
					Care Save, press 2.
					For the Puerto Rico 1165e plan, press 3.
					For all other retirement matters, press 4.
					To repeat these options, press the star key.
					To return to the main menu, press the pound sign.">
			33100.au 
			pause1000.au
			39995.au
			39997.au
		</Audio>	

		<RepeatAudio tts="For Future Fund, press 1.
					Care Save, press 2.
					For the Puerto Rico 1165e plan, press 3.
					For all other retirement matters, press 4.
					To repeat these options, press the star key.
					To return to the main menu, press the pound sign.
					To speak with an agent, press zero.">
			33100.au 
			pause1000.au
			39995.au
			39997.au
			pause0500.au
			39996.au
		</RepeatAudio>	
				
			
		<Choice dtmf="1" targetType="agent" targetName="ThirdPartyTxfer.FutureFund" dest="$context.cvsProp.TFN_Future_Fund"/>
				
		<Choice dtmf="2" targetType="agent" targetName="ThirdPartyTxfer.CareSave" dest="$context.cvsProp.TFN_Principle"/>
		
		<Choice dtmf="3" targetType="agent" targetName="ThirdPartyTxfer.PuertoRico1165ePlan" dest="$context.cvsProp.TFN_CaribbeanPensionConsultants"/>
		
		<Choice dtmf="4" targetType="submenu" targetMode="DTMF" targetName="PrepareForTransferToIBM"
				dest="appExitReason:AllOtherRetirementMatters; attachedData.Skill:ALL"/>
		
		<Choice dtmf="#" targetType="submenu" targetMode="DTMF" targetName="MainMenu"/>
		
		<Choice dtmf="0" targetType="submenu" targetMode="DTMF" targetName="PrepareForTransferToIBM"
				dest="appExitReason:Operator; attachedData.Skill:ALL"/>
		
		<InputError count="1" tts="For Future Fund, press 1.
					Care Save, press 2.
					For the Puerto Rico 1165e plan, press 3.
					For all other retirement matters, press 4.
					To repeat these options, press the star key.
					To return to the main menu, press the pound sign.
					To speak with an agent, press zero.">
				33100.au 
				pause1000.au
				39995.au
				39997.au
				pause0500.au
				39996.au
		</InputError>

		<InputError count="2" targetType="submenu" targetMode="DTMF" targetName="PrepareForTransferToIBM"
				dest="appExitReason:InputError; attachedData.Skill:ALL"/>			
	</SubMenu>		
	
									<!-- ############################ -->

	<SubMenu name="PensionMenu" mode="DTMF" repeat="*">

		<Audio tts="For Revco, Standard Drug or Melville plans, press 1.  
					For the Caremark International or Advance PCS plans, press 2.  
					For all other retirement or pension matters, press 3.
					To repeat these options, press the star key.
					To return to the main menu, press the pound sign.">
			33210.au 
			pause1000.au
			39995.au
			39997.au
		</Audio>	

		<RepeatAudio tts="For Revco, Standard Drug or Melville plans, press 1.  
					For the Caremark International or Advance PCS plans, press 2.  
					For all other retirement or pension matters, press 3.
					To repeat these options, press the star key.
					To return to the main menu, press the pound sign.
					To speak with an agent, press zero.">
			33210.au 
			pause1000.au
			39995.au
			39997.au
			pause0500.au
			39996.au
		</RepeatAudio>	
				
			
		<Choice dtmf="1" targetType="agent" targetName="ThirdPartyTxfer.Mercer" dest="$context.cvsProp.TFN_Mercer"/>
				
		<Choice dtmf="2" targetType="agent" targetName="ThirdPartyTxfer.InternationalAdvancePCSPlans" dest="$context.cvsProp.TFN_Hewitt"/>
		
		<Choice dtmf="3" targetType="submenu" targetMode="DTMF" targetName="PrepareForTransferToIBM"
				dest="appExitReason:AllOtherRetirementPensionMatters; attachedData.Skill:ALL"/>
		
		<Choice dtmf="#" targetType="submenu" targetMode="DTMF" targetName="MainMenu"/>
		
		<Choice dtmf="0" targetType="submenu" targetMode="DTMF" targetName="PrepareForTransferToIBM"
				dest="appExitReason:Operator; attachedData.Skill:ALL"/>
		
		<InputError count="1" tts="For Revco, Standard Drug or Melville plans, press 1.  
					For the Caremark International or Advance PCS plans, press 2.  
					For all other retirement or pension matters, press 3.
					To repeat these options, press the star key.
					To return to the main menu, press the pound sign.
					To speak with an agent, press zero.">
				33210.au 
				pause1000.au
				39995.au
				39997.au
				pause0500.au
				39996.au
		</InputError>

		<InputError count="2" targetType="submenu" targetMode="DTMF" targetName="PrepareForTransferToIBM"
				dest="appExitReason:InputError; attachedData.Skill:ALL"/>			
	</SubMenu>		
		   		               <!-- ############################ -->
	   		               
    <SubMenu name="MSSGetStoreNumber" mode="DTMF" clearDTMFBuffer="true"> 

		<Audio tts="Please enter your 5-digit store number followed by the pound key.">
				35201.au
		</Audio>
		   
		<Grammar>storeNumber.grxml</Grammar>
		
		<Choice dtmf="@storeNumber" targetType="submenu" 
			    dest="storeNumberEntered:$storeNumber"
			    handler="com.ibm.ivr.cvs.handler.GetCheckDeliveryStatus"
			    targetName="CheckDeliveryStatusCheck"/>

		<Choice dtmf="0" targetType="submenu" targetMode="DTMF" targetName="PrepareForTransferToIBM"
				dest="appExitReason:Operator; attachedData.Skill:PAYROLLTAX"/>
		
		<InputError count="1" reprompt="true"/>

		<InputError count="2" targetType="submenu" targetMode="DTMF" targetName="PrepareForTransferToIBM"
				dest="appExitReason:InputError; attachedData.Skill:PAYROLLTAX"/>					    
	</SubMenu>	
	
		   		               <!-- ############################ -->
	   		               
    <SubMenu name="CheckDeliveryStatusCheck" mode="DTMF" type="BusinessLogic" > 
    
    	<Email cond="$hRC EQ C, $context.emailAlerts.dbConnectionFailed EQ NULL" 
				subject="DB connection Failure" alert="dbConnectionFailed"/>

		<MenuDefault cond="$hRC EQ S, $employee.deliveryType EQ US Mail" targetType="submenu" targetName="CheckDeliveryMailOrStore"
				dest="type:$employee.deliveryCheckDate"/>
		
		<MenuDefault cond="$hRC EQ S, $employee.deliveryType EQ NULL" targetType="submenu" targetName="CheckDeliveryUPS"/>
		
		<MenuDefault cond="$hRC EQ S" targetType="submenu" targetName="CheckDeliveryMailOrStore"/>
		
		<MenuDefault targetType="submenu" targetMode="DTMF" targetName="PrepareForTransferToIBM"
				dest="appExitReason:UnsupportedCheckDeliveryType; attachedData.Skill:PAYROLLTAX"/>		
		
	</SubMenu>	
	
		   		               <!-- ############################ -->
	   		               
    <SubMenu name="CheckDeliveryMailOrStore" mode="DTMF" clearDTMFBuffer="true" repeat="1"> 

		<Audio  cond="$employee.deliveryType EQ US Mail"
				tts="For checks dated:  Your store's paychecks 
					are being US mailed directly to the employee's home address on file.  Please allow additional time for mail delivery.">
				35301.au
				(employee.deliveryCheckDate:MMDDYYYY)
				35302.au
		</Audio>

		<Audio  cond="$employee.deliveryType NE US Mail"
				tts="For checks dated: 
					Your store's paychecks are being delivered to store number: (employee.deliveryType:digit)
					Please check with that store for delivery information.">
				35301.au
				(employee.deliveryCheckDate:MMDDYYYY)
				35304.au
				(employee.deliveryType:digits)
				35305.au
		</Audio>
		
		<Audio  tts="To hear this information again, press 1.
					 To return to the previous menu, press pound.
					 To speak with an agent, press zero.">
				35401.au
				39994.au
				39996.au
		</Audio>		   

		<Choice dtmf="#" targetType="submenu" targetMode="DTMF" targetName="PayrollMenu2"/>
		
		<Choice dtmf="0" targetType="submenu" targetMode="DTMF" targetName="PrepareForTransferToIBM"
				dest="appExitReason:Operator; attachedData.Skill:PAYROLLTAX"/>
		
		<InputError count="1" tts="To hear this information again, press 1.
					 To return to the previous menu, press pound.
					 To speak with an agent, press zero.">
				35401.au
				39994.au
				39996.au
		</InputError>

		<InputError count="2" targetType="submenu" targetMode="DTMF" targetName="PrepareForTransferToIBM"
				dest="appExitReason:InputError; attachedData.Skill:PAYROLLTAX"/>					    
	</SubMenu>	
	
				   		               <!-- ############################ -->
	   		               
    <SubMenu name="CheckDeliveryUPS" mode="DTMF" clearDTMFBuffer="true" repeat="1"> 

		<Audio 	tts="UPS has until end of store business day on Friday to delivery store payroll checks.
					Please document your store's tracking number so you can be transferred to UPS.
					For checks dated: 
					Your tracking number is: (employee.deliveryTrackingNum:letter)">
				35306.au
				35301.au
				(employee.deliveryCheckDate:MMDDYYYY)
				35308.au
				(employee.deliveryTrackingNum:letters)
		</Audio>
		
		<Audio  tts="To hear this information again, press 1.
					To be transferred to UPS, press 2.
					To return to the previous menu, press pound.
					To speak with an agent, press zero. ">
				35401.au
				35402.au
				39994.au
				39996.au
		</Audio>		   
		
		<Choice dtmf="2" targetType="agent" targetMode="DTMF" targetName="ThirdPartyTxfer.UPS"
				dest="$context.cvsProp.TFN_UPS"/>
				
		<Choice dtmf="#" targetType="submenu" targetMode="DTMF" targetName="PayrollMenu2"/>

		<Choice dtmf="0" targetType="submenu" targetMode="DTMF" targetName="PrepareForTransferToIBM"
				dest="appExitReason:Operator; attachedData.Skill:PAYROLLTAX"/>
		
		<InputError count="1" tts="To hear this information again, press 1.
					To be transferred to UPS, press 2.
					To return to the previous menu, press pound.
					To speak with an agent, press zero. ">
				35401.au
				35402.au
				39994.au
				39996.au
		</InputError>

		<InputError count="2" targetType="submenu" targetMode="DTMF" targetName="PrepareForTransferToIBM"
				dest="appExitReason:InputError; attachedData.Skill:PAYROLLTAX"/>					    
	</SubMenu>	

	   		               <!-- ############################ -->
	<SubMenu name="EZPayrollAvailableCheck" mode="DTMF" type="PromptPlay" markPosition="false">
		<Audio tts="You can also view or print a copy of your paycheck online at my.cvs.com.">
			31101.au
		</Audio>
		
		<MenuDefault cond="$ezPayrollAvailable EQ TRUE" targetType="submenu" 
			targetMode="DTMF" targetName="Login" dest="loginNextSubMenu:EZPayrollMenu; attachedData.Skill:PAYROLLTAX"/>	
		
		<MenuDefault targetType="submenu" targetMode="DTMF" targetName="EZPayrollNotAvailable"/>
	</SubMenu>
							<!-- ############################ -->
		       	
	<SubMenu name="EZPayrollNotAvailable" mode="DTMF" type="PromptPlay" endCall="true">
	
	   	<Audio   tts="Sorry, paycheck information is unavailable at this time.  Please call Tuesday after 9 AM Eastern time.  Goodbye.">
                 40562.au
    	</Audio> 
	</SubMenu>
		
	   		               <!-- ############################ -->
	<SubMenu name="EZPayrollMenu" mode="DTMF">

		<Audio tts="For your current pay period, press 1. 
					For your previous pay period, press 2. 
					To return to the main menu, press the pound sign.">
			31103.au 
			39997.au
		</Audio>	
		
		<Choice dtmf="1" targetType="submenu" targetMode="DTMF" targetName="GetCurrentPaycheck" 
				handler="com.ibm.ivr.cvs.handler.GetCurrentPayCheck"/>	
		
		<Choice dtmf="2" targetType="submenu" targetMode="DTMF" targetName="GetPayEndDates" 
				handler="com.ibm.ivr.cvs.handler.GetPayEndDates"/>	
		
		<Choice dtmf="#" targetType="submenu" targetMode="DTMF" targetName="MainMenu"/>
		
		<Choice dtmf="0" targetType="submenu" targetMode="DTMF" targetName="PrepareForTransferToIBM"
				dest="appExitReason:Operator; attachedData.Skill:PAYROLLTAX"/>
		
		<InputError count="1" reprompt="true"/>
				
		<InputError count="2" targetType="submenu" targetMode="DTMF" targetName="PrepareForTransferToIBM"
				dest="appExitReason:InputError; attachedData.Skill:PAYROLLTAX"/>	
	</SubMenu>
	
		   		               <!-- ############################ -->
	   		               
    <SubMenu name="GetCurrentPaycheck" mode="DTMF" type="BusinessLogic" > 
    
    	<Email cond="$hRC EQ C, $context.emailAlerts.dbConnectionFailed EQ NULL" 
					subject="DB connection Failure" alert="dbConnectionFailed"/>

		<!-- <MenuDefault cond="$employee.empPayGroup EQ MTS" targetType="submenu" targetName="NoCurrentPayCheck"/>-->
		
		<MenuDefault cond="$employee.empPayGroup EQ SPACECHAR" targetType="submenu" targetName="NoCurrentPayCheck"/>
		
		<MenuDefault cond="$payCheckDatesMatched EQ FALSE" targetType="submenu" targetName="NoCurrentPayCheck"/>
		
		<MenuDefault cond="$hRC EQ S" targetType="submenu" targetMode="DTMF" targetName="PlayPayroll1" />
		
		<MenuDefault targetType="submenu" targetMode="DTMF" targetName="UnavailableCurrentPayCheckInfo" />
		
	</SubMenu>		

	   		               <!-- ############################ -->
	<SubMenu name="NoCurrentPayCheck" mode="DTMF">

		<Audio tts="There is no current check on file for the employee ID entered.
					To hear your previous pay, press 1.  
					To speak with an agent, press zero.">
			31120.au 
			31121.au
			39996.au
		</Audio>	
		
		<Choice dtmf="1" targetType="submenu" targetMode="DTMF" targetName="GetPreviousPaycheck" 
				handler="com.ibm.ivr.cvs.handler.GetPreviousPayCheck"/>	
		
		<Choice dtmf="0" targetType="submenu" targetMode="DTMF" targetName="PrepareForTransferToIBM"
				dest="appExitReason:Operator; attachedData.Skill:PAYROLLTAX"/>
		
		<InputError count="1" reprompt="true"/>
				
		<InputError count="2" targetType="submenu" targetMode="DTMF" targetName="PrepareForTransferToIBM"
				dest="appExitReason:InputError; attachedData.Skill:PAYROLLTAX"/>	
	</SubMenu>		
	
	   		               <!-- ############################ -->
	<SubMenu name="UnavailableCurrentPayCheckInfo" mode="DTMF">

		<Audio tts="The paycheck selected has information that is unavailable at this time.
					To hear your previous pay, press 1.  
					To speak with an agent, press zero.">
			31130.au 
			31121.au
			39996.au
		</Audio>	
		
		<Choice dtmf="1" targetType="submenu" targetMode="DTMF" targetName="GetPayEndDates" 
				handler="com.ibm.ivr.cvs.handler.GetPayEndDates"/>	
		
		<Choice dtmf="0" targetType="submenu" targetMode="DTMF" targetName="PrepareForTransferToIBM"
				dest="appExitReason:Operator; attachedData.Skill:PAYROLLTAX"/>
		
		<InputError count="1" reprompt="true"/>
				
		<InputError count="2" targetType="submenu" targetMode="DTMF" targetName="PrepareForTransferToIBM"
				dest="appExitReason:InputError; attachedData.Skill:PAYROLLTAX"/>	
	</SubMenu>		
	
		   		               <!-- ############################ -->
	<SubMenu name="PlayPayroll1" mode="DTMF" type="PromptPlay">

		<Audio tts="For pay end date...You were paid">
			31140.au
			(employee.empPayEndDate:MMDDYYYY)
			31143.au
        </Audio>	
 
		<Audio cond="$corporateEmployee EQ TRUE" 
				listCount="$paycheckCodeCount" 
				tts="">
			(employee.empPayHours#:number) 
			(hourFile#:aufile)
			(employee.empPayCodeMsgId#:aufile)
			pause1000.au
        </Audio>
              
		<Audio cond="$corporateEmployee EQ FALSE" 
				listCount="$paycheckCodeCount" 
				tts="in store number">
			(employee.empPayHours#:number)
			(hourFile#:aufile)
			(employee.empPayCodeMsgId#:aufile) 
			31144.au
			(employee.empDeptId#:digits) 
			pause1000.au
        </Audio>			
		
		<MenuDefault targetType="submenu" targetMode="DTMF" targetName="PlayPayroll1Total"/>	
		
	</SubMenu>	
	
	
	   		               <!-- ############################ -->
	<SubMenu name="PlayPayroll1Total" mode="DTMF" repeat="2">

		<Audio tts="Your total time paid by earnings code is:">
			31145.au
        </Audio>
        
		<Audio listCount="$paycheckCodeSubtotalCount" >
			(employee.empPayAmountByMsgId#:currency)
			(employee.empPayCodeMsgIdUnique#:aufile) 
			pause1000.au
        </Audio>
                  
		<Audio cond="$employee.empNetPayAmount NE NULL" tts="Your total net pay is:">
			31146.au
			(employee.empNetPayAmount:currency)
		</Audio>	
		
		<Audio tts="To hear this information again, press 1.
					To hear the totals again, press 2.
					To return to the main menu, press the pound sign.
					To speak with an agent, press zero.">
			31141.au 
			39997.au
			39996.au
		</Audio>	
		
		<Choice dtmf="1" targetType="submenu" targetMode="DTMF" targetName="PlayPayroll1"/>	
		
		<Choice dtmf="#" targetType="submenu" targetMode="DTMF" targetName="MainMenu"/>	
		
		<Choice dtmf="0" targetType="submenu" targetMode="DTMF" targetName="PrepareForTransferToIBM"
				dest="appExitReason:Operator; attachedData.Skill:PAYROLLTAX"/>
		
		<InputError count="1" reprompt="true"/>
				
		<InputError count="2" targetType="submenu" targetMode="DTMF" targetName="PrepareForTransferToIBM"
				dest="appExitReason:InputError; attachedData.Skill:PAYROLLTAX"/>	
	</SubMenu>		
	
		
		   		               <!-- ############################ -->
	   		               
    <SubMenu name="GetPayEndDates" mode="DTMF" type="BusinessLogic" > 
    
    	<Email cond="$hRC EQ C, $context.emailAlerts.dbConnectionFailed EQ NULL" 
					subject="DB connection Failure" alert="dbConnectionFailed"/>

		<MenuDefault cond="$hRC EQ S" targetType="submenu" targetMode="DTMF" targetName="GetPreviousPaycheck" 
					handler="com.ibm.ivr.cvs.handler.GetPreviousPayCheck"/>
		
		<MenuDefault targetType="submenu" targetMode="DTMF" targetName="GetPayEndDatesError"/>
		
	</SubMenu>		

		   		               <!-- ############################ -->
	   		               
    <SubMenu name="GetPayEndDatesError" mode="DTMF" type="PromptPlay" > 
    	<Audio tts="There are no previous checks on file for the employee ID entered.">
    		31160.au
    	</Audio>
    	
		<MenuDefault targetType="submenu" targetMode="DTMF" targetName="PrepareForTransferToIBM"
				dest="appExitReason:ErrorGetPayEndDates; attachedData.Skill:PAYROLLTAX"/>
		
	</SubMenu>	
		
		   		               <!-- ############################ -->
	   		               
    <SubMenu name="GetPreviousPaycheck" mode="DTMF" type="BusinessLogic" > 
    	<Email cond="$hRC EQ C, $context.emailAlerts.dbConnectionFailed EQ NULL" 
				subject="DB connection Failure" alert="dbConnectionFailed"/>

		<MenuDefault cond="$hRC EQ S" targetType="submenu" targetMode="DTMF" targetName="PlayPayroll2" />
		
		<!-- there is no previous paycheck other than the current pay period -->
		<MenuDefault cond="$NoMorePreviousCheck EQ TRUE, $previousCheckIndex EQ 0" targetType="submenu" targetMode="DTMF" targetName="GetPayEndDatesError"/>
				
		<MenuDefault cond="$NoMorePreviousCheck EQ TRUE" targetType="submenu" targetMode="DTMF" targetName="PrepareForTransferToIBM"
				dest="appExitReason:NoMorePreviousChecks; attachedData.Skill:PAYROLLTAX"/>
			
		<MenuDefault targetType="submenu" targetMode="DTMF" targetName="UnavailablePreviousPayCheckInfo"/>
		
	</SubMenu>			
	
		   		               <!-- ############################ -->
	<SubMenu name="PlayPayroll2" mode="DTMF" type="PromptPlay">

		<Audio tts="For pay end date...You were paid">
			31140.au
			(employee.empPayEndDate:MMDDYYYY)
			31143.au
        </Audio>	
 
		<Audio cond="$corporateEmployee EQ TRUE" 
				listCount="$paycheckCodeCount" 
				tts="">
			(employee.empPayHours#:number) 
			(hourFile#:aufile)
			(employee.empPayCodeMsgId#:aufile) 
			pause1000.au
        </Audio>
              
		<Audio cond="$corporateEmployee EQ FALSE" 
				listCount="$paycheckCodeCount" 
				tts="in store number">
			(employee.empPayHours#:number) 
			(hourFile#:aufile)
			(employee.empPayCodeMsgId#:aufile) 
			31144.au
			(employee.empDeptId#:digits) 
			pause1000.au
        </Audio>			
		
		<MenuDefault targetType="submenu" targetMode="DTMF" targetName="PlayPayroll2Total"/>	
		
	</SubMenu>	
	

	   		               <!-- ############################ -->
	<SubMenu name="PlayPayroll2Total" mode="DTMF" repeat="2">

		<Audio tts="Your total time paid by earnings code is:">
			31145.au
        </Audio>
        
		<Audio listCount="$paycheckCodeSubtotalCount" >
			(employee.empPayAmountByMsgId#:currency)
			(employee.empPayCodeMsgIdUnique#:aufile) 
			pause1000.au
        </Audio>
                  
		<Audio cond="$employee.empNetPayAmount NE NULL" tts="Your total net pay is:">
			31146.au
			(employee.empNetPayAmount:currency)
		</Audio>	
		
		<Audio tts="To hear this information again, press 1.
					To hear the totals again, press 2.
					To hear your next pay check, press 3. 
					To return to the main menu, press the pound sign.
					To speak with an agent, press zero.">
			31181.au 
			39997.au
			39996.au
		</Audio>	
		
		<Choice dtmf="1" targetType="submenu" targetMode="DTMF" targetName="PlayPayroll2"/>	
		
		<Choice dtmf="3" targetType="submenu" targetMode="DTMF" targetName="GetPreviousPaycheck" 
					handler="com.ibm.ivr.cvs.handler.GetPreviousPayCheck"/>
		
		<Choice dtmf="#" targetType="submenu" targetMode="DTMF" targetName="MainMenu"/>	
		
		<Choice dtmf="0" targetType="submenu" targetMode="DTMF" targetName="PrepareForTransferToIBM"
				dest="appExitReason:Operator; attachedData.Skill:PAYROLLTAX"/>
		
		<InputError count="1" reprompt="true"/>
				
		<InputError count="2" targetType="submenu" targetMode="DTMF" targetName="PrepareForTransferToIBM"
				dest="appExitReason:InputError; attachedData.Skill:PAYROLLTAX"/>	
	</SubMenu>		
	
		   		               <!-- ############################ -->
	<SubMenu name="UnavailablePreviousPayCheckInfo" mode="DTMF">

		<Audio tts="For pay end date">
			31140.au
			(employee.empPayEndDate:MMDDYYYY)
        </Audio>	
        
		<Audio tts="The paycheck selected has information that is unavailable at this time.
					To hear your next pay check, press 1. 
					To return to the main menu, press the pound sign.
					To speak with an agent, press zero.">
			31130.au 
			31183.au
			39997.au
			39996.au
		</Audio>	
		
		<Choice dtmf="1" targetType="submenu" targetMode="DTMF" targetName="GetPreviousPaycheck" 
				handler="com.ibm.ivr.cvs.handler.GetPreviousPayCheck"/>
				
		<Choice dtmf="#" targetType="submenu" targetMode="DTMF" targetName="MainMenu"/>	
		
		<Choice dtmf="0" targetType="submenu" targetMode="DTMF" targetName="PrepareForTransferToIBM"
				dest="appExitReason:Operator; attachedData.Skill:PAYROLLTAX"/>
		
		<InputError count="1" reprompt="true"/>
				
		<InputError count="2" targetType="submenu" targetMode="DTMF" targetName="PrepareForTransferToIBM"
				dest="appExitReason:InputError; attachedData.Skill:PAYROLLTAX"/>	
	</SubMenu>		
</CallRouting>