<?xml version="1.0" encoding="UTF-8"?>
<CallRouting name="IBMServIVR" releaseVersion="1.0" fileVersion="$Revision: 1.1 $"
	audioDir="" start="" startMode=""
	xmlns="http://ibm.com/ivr/framework/model"
	xmlns:xsi="http://www.w3.org/2001/XMLSchema-instance" 
	xsi:schemaLocation="http://ibm.com/ivr/framework/model IVRFramework.xsd">
    
    <Operator/>
    
	<!-- =====================================================================================================  -->
	<!-- This Login module has two entry points																    -->
	<!-- (1) Login: for performing authentication by DOB, at the exit, employee object is set into session   	-->
	<!--			with isAuthetincated turned on true, failed authentication transferred to agent from this   -->
	<!-- 			module directly    																			-->
	<!-- (2) IdentifyEmployee: for identifying the employee only, at the exit, employee object is set in the	-->
	<!-- 			session with isAuthenticated turned on false, failed identification ends the call						-->
	<!-- =====================================================================================================  -->
 	<SubMenu name="Login" mode="DTMF" type="BusinessLogic" set="loginType:authentication">
 			<MenuDefault cond="$employee.isAuthenticated EQ true" 
				targetType="submenu" targetMode="DTMF" targetName="$loginNextSubMenu" />
			<MenuDefault cond="$employee.isAuthenticated EQ false" 
				targetType="submenu" targetMode="DTMF" 
				targetName="CollectDOB" dest="DOBRetry:false; attachedData.EmployeeID:$employee.employeeID" />
			<MenuDefault targetType="submenu" targetMode="DTMF" targetName="CollectEmployeeID" dest="numAuthTries:1"/>
	</SubMenu>       	
	
	<SubMenu name="IdentifyEmployee" mode="DTMF" type="BusinessLogic" set="loginType:identification">
			<MenuDefault cond="$employee" 
				targetType="submenu" targetMode="DTMF" targetName="$identifyNextSubMenu" />
	  		<MenuDefault targetType="submenu" targetMode="DTMF" targetName="CollectEmployeeID" dest="numAuthTries:1"/>
	</SubMenu>    
	
		   		               <!-- ############################ -->
		   		               
	<SubMenu name="CollectEmployeeID" mode="DTMF" vxml="bargein:true" mask="***EmplID***"> 
			<Audio cond="$numAuthTries EQ 1"
			  tts="Please enter your 7-digit employee ID number.  If you do not know your employee id number, please press star.">
			  38000.au
			</Audio>
		  		   
			<Audio cond="$numAuthTries EQ 2"
			  tts="Please enter your 7-digit employee ID number.  If you do not know your employee id number, please press star.
					Your 7-digit employee ID number can be found at  the top center portion of your pay stub.">
			  38000.au
			  38001.au
			</Audio>
		  
			<Grammar>employeeIDNumber.grxml</Grammar>
	      		  
			<Choice dtmf="@employeeIDNumber" targetType="submenu" 	            
			      targetName="CheckAdminID"/>
			
			<Choice dtmf="*" targetType="submenu" targetMode="DTMF" targetName="CollectSSN"/>
		
			<InputError count="1" tts="Please enter your 7-digit employee ID number.  If you do not know your employee id number, please press star.
					Your 7-digit employee ID number can be found at  the top center portion of your pay stub.">
			  38000.au
			  38001.au
			</InputError>
			
			<InputError count="2" cond="$loginType EQ authentication, $loginFailedSubMenu NE NULL"
				targetType="submenu" targetMode="DTMF" targetName="$loginFailedSubMenu"/>	
				
			<InputError count="2" cond="$loginType EQ identification, $identifyFailedSubMenu NE NULL"
				targetType="submenu" targetMode="DTMF" targetName="$identifyFailedSubMenu"/>	
			
			<InputError count="2" targetType="submenu" targetMode="DTMF" targetName="TransferToIBM"
					dest="appExitReason:InputError; attachedData.CallerVerified:0"/>		
	</SubMenu>

						<!-- ############################ -->
						
	<SubMenu name="CheckAdminID" mode="DTMF" type="BusinessLogic" markPosition="false">
			<!-- system admin id -->
 			<MenuDefault cond="$employeeIDNumber EQ $context.cvsProp.adminID" 
				targetType="submenu" targetMode="DTMF" targetName="CollectAdminPin"/>
			
			<!-- normal employee id -->
			<MenuDefault targetType="submenu" dest="searchEmployeeID:$employeeIDNumber"		            
			      targetName="CheckValidEmployeeID"
			      handler="com.ibm.ivr.cvs.handler.SearchEmployeeID"/>
	</SubMenu>  
	
						<!-- ############################ -->

	<SubMenu name="CollectAdminPin" mode="DTMF" vxml="bargein:true;termchar:*" mask="***adminPIN***"> 
			<Audio tts="Enter your admin pin followed by the star key.">
			  38885.au
			</Audio>
		  
			<Grammar>adminPIN.grxml</Grammar>
	      		  
			<Choice dtmf="@adminPIN" targetType="submenu" targetName="CheckValidAdminPin"/>
		
			<InputError count="1" reprompt="true"/>
			
			<InputError count="2" targetType="submenu" targetMode="DTMF" targetName="WrongAdminPin"/>		
	</SubMenu>

	<SubMenu name="CheckValidAdminPin" mode="DTMF" type="BusinessLogic" markPosition="false">
			<!-- valid system admin pin -->
 			<MenuDefault cond="$adminPIN EQ $context.cvsProp.adminPIN" 
				targetType="ivrapp" targetMode="DTMF" targetName="$context.cvsProp.adminAppURL"/>
			
			<!-- wrong system admin pin second time -->
			<MenuDefault cond="$wrongAdminPin EQ TRUE" targetType="submenu" targetMode="DTMF" targetName="WrongAdminPin"/>	
			
			<!-- wrong system admin pin first time -->
			<MenuDefault targetType="submenu" targetMode="DTMF" targetName="CollectAdminPin" dest="wrongAdminPin:TRUE"/>	
	</SubMenu> 
	
	<SubMenu name="WrongAdminPin" mode="DTMF" type="PromptPlay" endCall="true"> 
			<Audio tts="The pin you entered is not correct. Please try again later. Goodbye.">
			  38886.au
			  9997.au
			  9995.au
			</Audio>
	</SubMenu>		
						<!-- ############################ -->
											   
	<SubMenu name="CheckValidEmployeeID" mode="DTMF" type="BusinessLogic">
	
			<Email cond="$hRC EQ C, $context.emailAlerts.dbConnectionFailed EQ NULL" 
						subject="DB connection Failure" alert="dbConnectionFailed"/>
						
			<!-- valid employee id and non-terminated employment status -->
 			<MenuDefault cond="$employee, $employee.employmentStatus EQ A, $loginType EQ authentication" 
				targetType="submenu" targetMode="DTMF" targetName="CollectDOB" dest="DOBRetry:false; attachedData.EmployeeID:$employee.employeeID"/>
			<MenuDefault cond="$employee, $employee.employmentStatus EQ P, $loginType EQ authentication" 
				targetType="submenu" targetMode="DTMF" targetName="CollectDOB" dest="DOBRetry:false; attachedData.EmployeeID:$employee.employeeID"/>
			<MenuDefault cond="$employee, $employee.employmentStatus EQ L, $loginType EQ authentication" 
				targetType="submenu" targetMode="DTMF" targetName="CollectDOB" dest="DOBRetry:false; attachedData.EmployeeID:$employee.employeeID"/>
			<MenuDefault cond="$employee, $employee.employmentStatus EQ S, $loginType EQ authentication" 
				targetType="submenu" targetMode="DTMF" targetName="CollectDOB" dest="DOBRetry:false; attachedData.EmployeeID:$employee.employeeID"/>
			
			<MenuDefault cond="$employee, $employee.employmentStatus EQ A, $loginType EQ identification" 
				targetType="submenu" targetMode="DTMF" targetName="$identifyNextSubMenu" 
				dest="attachedData.EmployeeID:$employee.employeeID"/>
			<MenuDefault cond="$employee, $employee.employmentStatus EQ P, $loginType EQ identification" 
				targetType="submenu" targetMode="DTMF" targetName="$identifyNextSubMenu" 
				dest="attachedData.EmployeeID:$employee.employeeID"/>
			<MenuDefault cond="$employee, $employee.employmentStatus EQ L, $loginType EQ identification" 
				targetType="submenu" targetMode="DTMF" targetName="$identifyNextSubMenu" 
				dest="attachedData.EmployeeID:$employee.employeeID"/>
			<MenuDefault cond="$employee, $employee.employmentStatus EQ S, $loginType EQ identification" 
				targetType="submenu" targetMode="DTMF" targetName="$identifyNextSubMenu" 
				dest="attachedData.EmployeeID:$employee.employeeID"/>
					
			<!-- valid employee id but terminated employment status -->
			<MenuDefault cond="$employee, $loginType EQ authentication, $loginFailedSubMenu NE NULL"
				targetType="submenu" targetMode="DTMF" targetName="$loginFailedSubMenu"/>		
			<MenuDefault cond="$employee"
				targetType="submenu" targetMode="DTMF" targetName="TransferToIBM"
				dest="appExitReason:TerminatedEmployee; attachedData.EmployeeID:$employee.employeeID; attachedData.Skill:ALL"/>	
			
			<!-- DB connection has problem -->
			<MenuDefault cond="$hRC EQ C, $loginType EQ authentication, $loginFailedSubMenu NE NULL"
				targetType="submenu" targetMode="DTMF" targetName="$loginFailedSubMenu"/>	
			<MenuDefault cond="$hRC EQ C, $loginType EQ identification, $identifyFailedSubMenu NE NULL"
				targetType="submenu" targetMode="DTMF" targetName="$identifyFailedSubMenu"/>	
			<MenuDefault cond="$hRC EQ C"
				targetType="submenu" targetMode="DTMF" targetName="TransferToIBM"
				dest="appExitReason:DBConnectionFailed; attachedData.CallerVerified:0"/>	
			<!-- DB access has error -->
			<MenuDefault cond="$hRC EQ E, $loginType EQ authentication, $loginFailedSubMenu NE NULL"
				targetType="submenu" targetMode="DTMF" targetName="$loginFailedSubMenu"/>	
			<MenuDefault cond="$hRC EQ E, $loginType EQ identification, $identifyFailedSubMenu NE NULL"
				targetType="submenu" targetMode="DTMF" targetName="$identifyFailedSubMenu"/>	
			<MenuDefault cond="$hRC EQ E"
				targetType="submenu" targetMode="DTMF" targetName="TransferToIBM"
				dest="appExitReason:DBConnectionFailed; attachedData.CallerVerified:0"/>	
				
			<!-- invalid employee id on the first try -->
			<MenuDefault cond="$numAuthTries EQ 1" 
				targetType="submenu" targetMode="DTMF" targetName="CollectEmployeeID" dest="numAuthTries:2"/>
			<!-- invalid employee id on the 2nd try -->
			<MenuDefault cond="$loginType EQ authentication, $loginFailedSubMenu NE NULL"
				targetType="submenu" targetMode="DTMF" targetName="$loginFailedSubMenu"/>	
			<MenuDefault cond="$loginType EQ identification, $identifyFailedSubMenu NE NULL"
				targetType="submenu" targetMode="DTMF" targetName="$identifyFailedSubMenu"/>	
			<MenuDefault targetType="submenu" targetMode="DTMF" targetName="TransferToIBM"
				dest="appExitReason:InvalidEmployeeID; attachedData.CallerVerified:0"/>
				
	</SubMenu>   
						<!-- ############################ -->
						
	<SubMenu name="CallBackLaterMenu" mode="DTMF" type="PromptPlay" endCall="true">
			<Audio tts="We are unable to verify the number entered. Please check your records to verify your 
					employee ID or Social Security number and try your call again later.">
					38203.au
			</Audio>
	</SubMenu>         	

						<!-- ############################ -->
						
	<SubMenu name="CollectSSN" mode="DTMF" vxml="bargein:true" mask="***SSN***"> 
			<Audio tts="Please enter your 9 digit social security number.">
			  38201.au
			</Audio>
		  
			<Grammar>ssnNumber.grxml</Grammar>
		  
			<Choice dtmf="@ssnNumber" targetType="submenu" 
		          dest="searchEmployeeSSN:$ssnNumber"		            
			      targetName="CheckValidSSN"
			      handler="com.ibm.ivr.cvs.handler.SearchEmployeeSSN"/>
			
			<InputError count="1" cond="$loginType EQ authentication, $loginFailedSubMenu NE NULL"
				targetType="submenu" targetMode="DTMF" targetName="$loginFailedSubMenu"/>	
				
			<InputError count="1" cond="$loginType EQ identification, $identifyFailedSubMenu NE NULL"
				targetType="submenu" targetMode="DTMF" targetName="$identifyFailedSubMenu"/>
						
			<InputError count="1" targetType="submenu" targetMode="DTMF" targetName="TransferToIBM"
					dest="appExitReason:InputError; attachedData.CallerVerified:0"/>		
	</SubMenu>		

						<!-- ############################ -->
							   
	<SubMenu name="CheckValidSSN" mode="DTMF" type="BusinessLogic">
		 	<Email cond="$hRC EQ C, $context.emailAlerts.dbConnectionFailed EQ NULL" 
					subject="DB connection Failure" alert="dbConnectionFailed"/>
					
			<!-- valid employee id and non-terminated employment status -->
 			<MenuDefault cond="$employee, $employee.employmentStatus EQ A, $loginType EQ authentication" 
				targetType="submenu" targetMode="DTMF" targetName="CollectDOB" dest="DOBRetry:false; attachedData.EmployeeID:$employee.employeeID"/>
			<MenuDefault cond="$employee, $employee.employmentStatus EQ P, $loginType EQ authentication" 
				targetType="submenu" targetMode="DTMF" targetName="CollectDOB" dest="DOBRetry:false; attachedData.EmployeeID:$employee.employeeID"/>
			<MenuDefault cond="$employee, $employee.employmentStatus EQ L, $loginType EQ authentication" 
				targetType="submenu" targetMode="DTMF" targetName="CollectDOB" dest="DOBRetry:false; attachedData.EmployeeID:$employee.employeeID"/>
			<MenuDefault cond="$employee, $employee.employmentStatus EQ S, $loginType EQ authentication" 
				targetType="submenu" targetMode="DTMF" targetName="CollectDOB" dest="DOBRetry:false; attachedData.EmployeeID:$employee.employeeID"/>
				
			<MenuDefault cond="$employee, $employee.employmentStatus EQ A, $loginType EQ identification" 
				targetType="submenu" targetMode="DTMF" targetName="$identifyNextSubMenu"
				dest="attachedData.EmployeeID:$employee.employeeID"/>
			<MenuDefault cond="$employee, $employee.employmentStatus EQ P, $loginType EQ identification" 
				targetType="submenu" targetMode="DTMF" targetName="$identifyNextSubMenu"
				dest="attachedData.EmployeeID:$employee.employeeID"/>
			<MenuDefault cond="$employee, $employee.employmentStatus EQ L, $loginType EQ identification" 
				targetType="submenu" targetMode="DTMF" targetName="$identifyNextSubMenu"
				dest="attachedData.EmployeeID:$employee.employeeID"/>
			<MenuDefault cond="$employee, $employee.employmentStatus EQ S, $loginType EQ identification" 
				targetType="submenu" targetMode="DTMF" targetName="$identifyNextSubMenu"
				dest="attachedData.EmployeeID:$employee.employeeID"/>
				
			<!-- valid employee id but terminated employment status -->
			<MenuDefault cond="$employee, $loginType EQ authentication, $loginFailedSubMenu NE NULL"
				targetType="submenu" targetMode="DTMF" targetName="$loginFailedSubMenu"/>	
			<MenuDefault cond="$employee"
				targetType="submenu" targetMode="DTMF" targetName="TransferToIBM"
				dest="appExitReason:TerminatedEmployee; attachedData.EmployeeID:$employee.employeeID; attachedData.Skill:ALL"/>	
				
			<!-- DB connection has problem -->
			<MenuDefault cond="$hRC EQ C, $loginType EQ authentication, $loginFailedSubMenu NE NULL"
				targetType="submenu" targetMode="DTMF" targetName="$loginFailedSubMenu"/>	
			<MenuDefault cond="$hRC EQ C, $loginType EQ identification, $identifyFailedSubMenu NE NULL"
				targetType="submenu" targetMode="DTMF" targetName="$identifyFailedSubMenu"/>	
			<MenuDefault cond="$hRC EQ C"
				targetType="submenu" targetMode="DTMF" targetName="TransferToIBM"
				dest="appExitReason:DBConnectionFailed; attachedData.CallerVerified:0"/>	
			<!-- DB access has error -->
			<MenuDefault cond="$hRC EQ E, $loginType EQ authentication, $loginFailedSubMenu NE NULL"
				targetType="submenu" targetMode="DTMF" targetName="$loginFailedSubMenu"/>	
			<MenuDefault cond="$hRC EQ E, $loginType EQ identification, $identifyFailedSubMenu NE NULL"
				targetType="submenu" targetMode="DTMF" targetName="$identifyFailedSubMenu"/>	
			<MenuDefault cond="$hRC EQ E"
				targetType="submenu" targetMode="DTMF" targetName="TransferToIBM"
				dest="appExitReason:DBConnectionFailed; attachedData.CallerVerified:0"/>	
								
			<!-- invalid employee id -->
			<MenuDefault cond="$loginType EQ authentication, $loginFailedSubMenu NE NULL"
				targetType="submenu" targetMode="DTMF" targetName="$loginFailedSubMenu"/>	
			<MenuDefault cond="$loginType EQ identification, $identifyFailedSubMenu NE NULL"
				targetType="submenu" targetMode="DTMF" targetName="$identifyFailedSubMenu"/>	
			<MenuDefault targetType="submenu" targetMode="DTMF" targetName="TransferToIBM"
				dest="appExitReason:InvalidSSN; attachedData.CallerVerified:0"/>
	</SubMenu>   
						<!-- ############################ -->
							   
	<SubMenu name="LoginTypeCheck" mode="DTMF" type="BusinessLogic">

	</SubMenu>   
	
						<!-- ############################ -->
						
	<SubMenu name="CollectDOB" mode="DTMF" vxml="bargein:true" mask="***DOB***"> 
			<Audio cond="$DOBRetry EQ false" tts="Please enter your date of birth, using 2 digits for the month, 2 digits for the day, and 4 digits for the year.">
			  38204.au
			</Audio>
			
			<Audio cond="$DOBRetry EQ true" 
				tts="The date of birth entered does not match our records. Please try again.
					Please enter your date of birth, using 2 digits for the month, 2 digits for the day, and 4 digits for the year.">
			  38205.au
			  38204.au
			</Audio>
		  
			<Grammar>dob.grxml</Grammar>
		  
			<Choice dtmf="@dob" targetType="submenu" 	            
			      targetName="CheckValidDOB"/>
		
			<InputError count="1" reprompt="true"/>
			
			<InputError count="2" cond="$loginFailedSubMenu NE NULL"
				targetType="submenu" targetMode="DTMF" targetName="$loginFailedSubMenu"/>	
				
			<InputError count="2" targetType="submenu" targetMode="DTMF" targetName="TransferToIBM"
				dest="appExitReason:InputError"/>		
	</SubMenu>								
		
						<!-- ############################ -->
								
	<SubMenu name="CheckValidDOB" mode="DTMF" type="BusinessLogic">
			<!-- valid DOB -->
 			<MenuDefault cond="$dob EQ $employee.employeeDOB" 
				targetType="submenu" targetMode="DTMF" targetName="$loginNextSubMenu"
				dest="employee.isAuthenticated:true; attachedData.CallerVerified:1"/>
			<!-- invalid DOB second time-->
			<MenuDefault cond="$DOBRetry EQ true, $loginFailedSubMenu NE NULL"
				targetType="submenu" targetMode="DTMF" targetName="$loginFailedSubMenu"/>	
			<MenuDefault cond="$DOBRetry EQ true" 
				targetType="submenu" targetMode="DTMF" targetName="TransferToIBM"
				dest="attachedData.CallerVerified:0; appExitReason:FailedAuthentication"/>
			<!-- invalid DOB first time-->
			<MenuDefault targetType="submenu" targetMode="DTMF" targetName="CollectDOB"
					dest="DOBRetry:true"/>
	</SubMenu>  							

		
						<!-- ############################ -->

	<!-- Certification app transfer -->							
	<SubMenu name="PrepareForTransferToIBMCert" mode="DTMF" type="BusinessLogic" markPosition="false">
			<MenuDefault targetType="submenu" targetMode="DTMF" targetName="IdentifyEmployee" 
				dest="identifyNextSubMenu:TransferToIBM; identifyFailedSubMenu:TransferToIBM"/>
	</SubMenu>  	
	
	<!-- HR Menu transfer -->
	<SubMenu name="PrepareForTransferToIBM" mode="DTMF" type="BusinessLogic" markPosition="false">
			<MenuDefault cond="$context.cvsProp.authBeforeIBMTransfer EQ n" 
				targetType="submenu" targetMode="DTMF" targetName="TransferToIBM"/>
			<MenuDefault targetType="submenu" targetMode="DTMF" targetName="Login" 
				dest="loginNextSubMenu:TransferToIBM"/>
	</SubMenu>  
		
	<SubMenu name="TransferToIBM" mode="DTMF" type="BusinessLogic" markPosition="false">
			<!-- if there is any DB problem -->
			<MenuDefault cond="$hRC EQ C" targetType="submenu" targetMode="DTMF" targetName="TransferToIBM1"/>	
			<MenuDefault cond="$hRC EQ E" targetType="submenu" targetMode="DTMF" targetName="TransferToIBM1"/>	
			
			<MenuDefault targetType="ctiagent" targetMode="DTMF" targetName="$appExitReason"
					targetAudio="39991.au" tts="Just a moment while I transfer your call. Calls may be monitored and recorded."
					dest="CVS_IVR"/>
	</SubMenu>  						

	<SubMenu name="TransferToIBM1" mode="DTMF" type="PromptPlay" markPosition="false">
			<Audio tts="We are having difficulty completing your call. Please stay on the line.">
				40560.au
				40561.au
			</Audio>
			<MenuDefault targetType="ctiagent" targetMode="DTMF" targetName="$appExitReason"
					targetAudio="39991.au" tts="Just a moment while I transfer your call. Calls may be monitored and recorded."
					dest="CVS_IVR"/>
	</SubMenu>  
		
	<SubMenu name="TransferToCVSLOA" mode="DTMF" type="BusinessLogic" markPosition="false">
			<MenuDefault targetType="Agent" targetMode="DTMF" targetName="CVSLOA.LoginFailed" 
			targetAudio="39999.au" tts="Your call may be monitored for quality assurance."
			dest="$context.cvsProp.TFN_CVSLOA"/>
	</SubMenu>  		
												
</CallRouting>