<?xml version="1.0" encoding="UTF-8"?>
<CallRouting name="DEA" releaseVersion="1.0" fileVersion="$Revision: 1.1 $"
	audioDir="" start="" startMode="" 
	xmlns="http://ibm.com/ivr/framework/model"
	xmlns:xsi="http://www.w3.org/2001/XMLSchema-instance" 
	xsi:schemaLocation="http://ibm.com/ivr/framework/model IVRFramework.xsd">
	
    <Operator/>
         
		   		               <!-- ############################ -->
	<!--  -->	   		               
 	<SubMenu name="DEAEntryPoint" mode="DTMF" type="BusinessLogic">
				         
			<MenuDefault targetType="submenu" targetMode="DTMF" targetName="DEAIdentify" />
				
	</SubMenu>
	
		   		               <!-- ############################ -->
	<!--  -->       	
	<SubMenu name="DEAIdentify" mode="DTMF" type="BusinessLogic">
			
		<!--   -->
		<MenuDefault targetType="Submenu"
		             dest="identifyFailedSubMenu:DEAEmpFound;identifyNextSubMenu:DEAEmpFound" 
		             targetName="IdentifyEmployee"/>
			
	</SubMenu>
		   		               <!-- ############################ -->

    <!--  See if the Identity of the Employee has been found. -->
 	<SubMenu name="DEAEmpFound" mode="DTMF" type="BusinessLogic">
 	
 			<MenuDefault cond="$employee NE NULL" 
 			             handler="com.ibm.ivr.cvs.handler.DEA"
 			             dest="deaCmd:Get"
				         targetType="submenu" targetMode="DTMF" targetName="DEAQueryCheckRc" />
				
			<MenuDefault targetType="submenu" targetMode="DTMF" targetName="DEAEndCall"/>
	</SubMenu>  

		   		               <!-- ############################ -->
		   		               
 	<SubMenu name="DEAQueryCheckRc" mode="DTMF" type="BusinessLogic">

           <Email cond="$hRC EQ C, $context.emailAlerts.dbConnectionFailed EQ NULL" 
                                    subject="DB connection Failure" alert="dbConnectionFailed"/>

			<MenuDefault cond="$hRC NE S" 
			             targetType="submenu" targetMode="DTMF" targetName="DEACallEndDBFailed" />

			<MenuDefault cond="$hRC EQ S, $deaStatusResult EQ true" 
			             targetType="submenu" targetMode="DTMF" targetName="DEACertGoodBye" />
				         
			<MenuDefault targetType="submenu" targetMode="DTMF" targetName="DEACertifyPrompt" />
				
	</SubMenu>
		   		               <!-- ############################ -->

	<!--  Shrink Language Menu -->
	<SubMenu name="DEACertifyPrompt" mode="DTMF">

		<Audio tts="To certify that you have received, read and understand your 
		            obligations and responsibilities with regard to CVS's policy 
		            and procedures for the Report of Theft or Significant Loss of 
		            Controlled Substances, please press 1.">
			649.au
		</Audio>
		
		<!--    -->
		<Choice dtmf="1" targetType="submenu"
		        handler="com.ibm.ivr.cvs.handler.DEA" 
		        dest="deaCmd:Record" 
		        targetMode="DTMF" targetName="DEARecordCheckRc"/>
		        
         <InputError count="1" reprompt="true">
         </InputError>
         
         <InputError count="2" reprompt="true">
         </InputError>

         <InputError count="3" targetType="submenu" targetName="DEACertifyInvalidResponse">
         </InputError>
		        													
	</SubMenu>
		   		               <!-- ############################ -->
		   		               
 	<SubMenu name="DEARecordCheckRc" mode="DTMF" type="BusinessLogic">

           <Email cond="$hRC EQ C, $context.emailAlerts.dbConnectionFailed EQ NULL" 
                                    subject="DB connection Failure" alert="dbConnectionFailed"/>

			<MenuDefault cond="$hRC NE S" 
			             targetType="submenu" targetMode="DTMF" targetName="DEACallEndDBFailed" />

			<MenuDefault targetType="submenu" targetMode="DTMF" targetName="DEACertGoodBye" />
				         
	</SubMenu>


 		            <!-- ############################ -->
		            <!-- ############################ -->
		            <!-- ############################ -->
		            <!-- ####   END THE CALL     #### -->
		            <!-- ############################ -->
		            <!-- ############################ -->
		            
	  <SubMenu    name="DEACertGoodBye" mode="DTMF"  type="PromptPlay" endCall="true"> 
    	<Audio   tts="Your certification has been registered.
    	              Thank you for calling.
    	              Goodbye.">
                 8020.au
                 9994.au
                 9995.au
    	</Audio>    
	  </SubMenu>		
		   		               <!-- ############################ -->
		   		               <!-- ############################ -->
		   		              
	       	
	<SubMenu name="DEACallEndDBFailed" mode="DTMF" type="PromptPlay" endCall="true">
	
	   	<Audio   tts="We are having difficulty completing your call.
	   	              Please try again later.
	   	              Goodbye.">
                 40560.au
                 9997.au
                 9995.au
    	</Audio> 
	</SubMenu>
		   		               <!-- ############################ -->
		   		              
	       	
	<SubMenu name="DEACertifyInvalidResponse" mode="DTMF" type="PromptPlay" endCall="true">
	
	   	<Audio   tts="We are having difficulty completing your call.
	   	              Please try again later.
	   	              Goodbye.">
                 40560.au
                 9997.au
                 9995.au
    	</Audio> 
	</SubMenu>

		   		               <!-- ############################ -->

	  <SubMenu    name="DEAEndCall" mode="DTMF"  type="PromptPlay" endCall="true"> 
    	<Audio   tts="Thank you for calling.
	   	              Goodbye.">
                 9994.au
                 9995.au
    	</Audio>    
  </SubMenu>		
</CallRouting>