<?xml version="1.0" encoding="UTF-8"?>
<CallRouting name="LOA" releaseVersion="1.0" fileVersion="$Revision: 1.1 $"
	audioDir="" start="" startMode=""
	xmlns="http://ibm.com/ivr/framework/model"
	xmlns:xsi="http://www.w3.org/2001/XMLSchema-instance" 
	xsi:schemaLocation="http://ibm.com/ivr/framework/model IVRFramework.xsd">
    
    <Operator/>
    
	<!-- =====================================================================================================  -->
	<!--   -->
	<!--   -->
	<!-- =====================================================================================================  -->
	
	
	<!--  -->	   		               
 	<SubMenu name="LOADisabilityMenu" mode="DTMF" type="BusinessLogic" set="CVSLOAsubcategory:CVSLOA;
 	                                                                        CVSLOADest:$context.cvsProp.TFN_CVSLOA">
				         
			<MenuDefault targetType="submenu" targetMode="DTMF" targetName="LOAMainMenu" />
				
	</SubMenu>
	
		   		               <!-- ############################ -->
		   		               
	<SubMenu name="LOAMainMenu" mode="DTMF" repeat="*">

		<Audio tts="To request or extend a leave of absence, press 1.
                    To speak with the disability carrier about a claim that has already been initiated, press 2.
                    To report intermittent hours used, press 3.
                    For all other leave of absence questions, press 4. 
					To repeat these options, press the star key.
					To return to the main menu, press the pound sign.">
			32410.au 
			pause1000.au
			39995.au
			39997.au
		</Audio>	

		<RepeatAudio tts="To request or extend a leave of absence, press 1.
                          To speak with the disability carrier about a claim that has already been initiated, press 2.
                          To report intermittent hours used, press 3.
                          For all other leave of absence questions, press 4. 
					      To repeat these options, press the star key.
					      To return to the main menu, press the pound sign.
					      To speak with an agent, press zero.">
			32410.au 
			pause1000.au
			39995.au
			39997.au
			pause0500.au
			39996.au
		</RepeatAudio>	
		
		<Choice dtmf="1" targetType="submenu" targetMode="DTMF" targetName="LOAReqOrExt"/>	

		<Choice dtmf="2" targetType="submenu" targetMode="DTMF" targetName="LOAXferType1" 
		                                                        dest="CVSLOAsubcategory:CVSLOA.UNUM;CVSLOADest:$context.cvsProp.TFN_UNUM_LOA"/>		
						
		<Choice dtmf="3" targetType="submenu" targetMode="DTMF" targetName="LOAIntermittentEntryPrompt"/>	
						
		<Choice dtmf="4" targetType="submenu" targetMode="DTMF" targetName="LOAXferType1" 
		                                                        dest="CVSLOAsubcategory:CVSLOA.allother;CVSLOADest:$context.cvsProp.TFN_CVSLOA"/>		
		
		<Choice dtmf="#" targetType="submenu" targetMode="DTMF" targetName="MainMenu"/>
		
		<Choice dtmf="0" targetType="submenu" targetMode="DTMF" targetName="LOAXferType1" 
		                                                     dest="CVSLOAsubcategory:CVSLOA;CVSLOADest:$context.cvsProp.TFN_CVSLOA"/>
		
		<InputError count="1" tts="To request or extend a leave of absence, press 1.
                                   To speak with the disability carrier about a claim that has already been initiated, press 2.
                                   To report intermittent hours used, press 3.
                                   For all other leave of absence questions, press 4. 
					               To repeat these options, press the star key.
					               To return to the main menu, press the pound sign.
					               To speak with an agent, press zero.">
			32410.au 
			pause1000.au
			39995.au
			39997.au
			pause0500.au
			39996.au
		</InputError>

		<InputError count="2" targetType="submenu" targetMode="DTMF" targetName="LOAXferType1" 
		                                                             dest="CVSLOAsubcategory:CVSLOA;CVSLOADest:$context.cvsProp.TFN_CVSLOA"/>		

	</SubMenu>						

	   		               <!-- ############################ -->
	   		               
	<SubMenu name="LOAReqOrExt" mode="DTMF">

		<Audio tts="To request a leave of absence, press 1.
                    To extend a leave, press 2.
                    To speak with an agent press 0.">
			32411.au
			pause0500.au
			39996.au 
		</Audio>	
		
		<Choice dtmf="1" targetType="submenu" targetMode="DTMF" targetName="LOACheckRequest"/>	
		
		<Choice dtmf="2" targetType="submenu" targetMode="DTMF" targetName="LOACheckExtend"/>	

		<Choice dtmf="0" targetType="submenu"  targetMode="DTMF"  targetName="LOAXferType1" 
		                                                       dest="CVSLOAsubcategory:CVSLOA;CVSLOADest:$context.cvsProp.TFN_CVSLOA"/>
				
		<InputError count="1" reprompt="true"/>
		
		<!-- Xfer to LOA CCE -->		
		<InputError count="2" targetType="submenu" targetMode="DTMF" targetName="LOAXferType1" 
		                                                             dest="CVSLOAsubcategory:CVSLOA;CVSLOADest:$context.cvsProp.TFN_CVSLOA"/>	
	</SubMenu>		

	   		               <!-- ############################ -->
	   		               <!-- ############################ -->
	   		               <!-- ############################ -->
	   		               
    <!--  Caller Wants to request a new LOA.  See what the callers current employee status is. -->
 	<SubMenu name="LOACheckRequest" mode="DTMF" type="BusinessLogic">
 	
 			<MenuDefault cond="$employee.employmentStatus EQ A" 
				         targetType="submenu" targetMode="DTMF" targetName="LOANewLOA" />
 	
 			<MenuDefault cond="$employee.employmentStatus EQ L" 
				         targetType="submenu" targetMode="DTMF" targetName="LOAAlreadyOnLOA" />
 	
 			<MenuDefault cond="$employee.employmentStatus EQ P" 
				         targetType="submenu" targetMode="DTMF" targetName="LOAAlreadyOnLOA" />
				
		    <!-- Employee is either (S) suspended or a value other than A,L or P -->		
			<MenuDefault targetType="submenu" targetMode="DTMF" targetName="LOAXferType1" 
			                                                    dest="CVSLOAsubcategory:CVSLOA.new;CVSLOADest:$context.cvsProp.TFN_CVSLOA"/>			
	</SubMenu>       	
	   		               

	   		               <!-- ############################ -->
	   		               
	<SubMenu name="LOAAlreadyOnLOA" mode="DTMF" type="PromptPlay">
	
	   	<Audio   tts="Our records show you are currently on a leave.">
                 32412.au
    	</Audio> 
		
		<MenuDefault targetType="Submenu" targetName="LOAAlreadyOnLOAWhatNext"/>
			
	</SubMenu>	   		               

	   		               <!-- ############################ -->
	   		               
	<SubMenu name="LOAAlreadyOnLOAWhatNext" mode="DTMF">

        <!-- 170324  Removed playing and pause::  pause1000.au  39996.au  -->
		<Audio tts="If you would like to extend your current leave, press 1.
                    To return to the previous menu, press pound.">
			32414.au 
		</Audio>	

		<RepeatAudio tts="If you would like to extend your current leave, press 1.
                          To return to the previous menu, press pound.
                          To speak with an agent, press zero.">
			32414.au 
			pause1000.au
			pause0500.au
			39996.au
		</RepeatAudio>	
		
		<Choice dtmf="1" targetType="submenu" targetMode="DTMF" targetName="LOAExtendLOA"/>	
		
		<Choice dtmf="#" targetType="submenu" targetMode="DTMF" targetName="LOAMainMenu"/>
		
		<Choice dtmf="0" targetType="submenu"  targetMode="DTMF" targetName="LOAXferType1" 
		                                                      dest="CVSLOAsubcategory:CVSLOA.extend;CVSLOADest:$context.cvsProp.TFN_CVSLOA"/>
		
		<InputError count="1" tts="If you would like to extend your current leave, press 1.
                                   To return to the previous menu, press pound.
                                   To speak with an agent, press zero.">
			32414.au 
			pause1000.au
			pause0500.au
			39996.au
		</InputError>

		<InputError count="2" targetType="submenu" targetMode="DTMF" targetName="LOAXferType1" 
		                                                             dest="CVSLOAsubcategory:CVSLOA.extend;CVSLOADest:$context.cvsProp.TFN_CVSLOA"/>
				
	</SubMenu>						
	   		               

	   		               <!-- ############################ -->
	   		               <!-- ############################ -->
	   		               <!-- ############################ -->
	   		               
    <!--  Caller Wants to request a new LOA.  See what the callers current employee status is. -->
 	<SubMenu name="LOACheckExtend" mode="DTMF" type="BusinessLogic">

            <!--  Defect 170491	Xfer people who think they are on an LOA but records show they are not.
 			<MenuDefault cond="$employee.employmentStatus EQ A" 
				         targetType="submenu" targetMode="DTMF" targetName="LOANotOnLOA" />
 	        -->
 			<MenuDefault cond="$employee.employmentStatus EQ L" 
				         targetType="submenu" targetMode="DTMF" targetName="LOAExtendLOA" />
 	
 			<MenuDefault cond="$employee.employmentStatus EQ P" 
				         targetType="submenu" targetMode="DTMF" targetName="LOAExtendLOA" />
 	
 	        <!-- Defect 170491  Allow Suspended people to extend LOA -->
 			<MenuDefault cond="$employee.employmentStatus EQ S" 
				         targetType="submenu" targetMode="DTMF" targetName="LOAExtendLOA" />
				
		    <!-- Employee is a value other than A,L,P or S -->		
			<MenuDefault targetType="submenu" targetMode="DTMF" targetName="LOAXferType1" 
			                                                    dest="CVSLOAsubcategory:CVSLOA.extend;CVSLOADest:$context.cvsProp.TFN_CVSLOA"/>			
			
	</SubMenu>       	
	   		              
	   		               <!-- ############################ -->
	   		               
	<SubMenu name="LOANotOnLOA" mode="DTMF" type="PromptPlay">
	
	   	<Audio   tts="Our records show you are NOT currently on a leave.">
                 32413.au
    	</Audio> 
		
		<MenuDefault targetType="Submenu" targetName="LOANotOnLOAWhatNext"/>
			
	</SubMenu>	   		               

	   		               <!-- ############################ -->
	 
	<!-- 170368 removed playing of 39996.au for first pass -->  		               
	<SubMenu name="LOANotOnLOAWhatNext" mode="DTMF">

		<Audio tts="To request a leave, press 1.
                    To return to the previous menu, press pound.
                    To speak with an agent, press zero">
			32415.au 
		</Audio>	

		<RepeatAudio tts="To request a leave, press 1.
                          To return to the previous menu, press pound.
                          To speak with an agent, press zero.">
			32415.au 
			pause1000.au
			pause0500.au
			39996.au
		</RepeatAudio>	
		
		<Choice dtmf="1" targetType="submenu" targetMode="DTMF" targetName="LOANewLOA"/>	
		
		<Choice dtmf="#" targetType="submenu" targetMode="DTMF" targetName="LOAMainMenu"/>
		
		<Choice dtmf="0" targetType="submenu" targetMode="DTMF" targetName="LOAXferType1" 
		                                                     dest="CVSLOAsubcategory:CVSLOA.extend;CVSLOADest:$context.cvsProp.TFN_CVSLOA"/>
		
		<InputError count="1" tts="To request a leave, press 1.
                                   To return to the previous menu, press pound.
                                   To speak with an agent, press zero.">
			32415.au 
			pause1000.au
			pause0500.au
			39996.au
		</InputError>

		<InputError count="2" targetType="submenu" targetMode="DTMF" targetName="LOAXferType1" 
		                                                     dest="CVSLOAsubcategory:CVSLOA.extend;CVSLOADest:$context.cvsProp.TFN_CVSLOA"/>
				
	</SubMenu>						

	   		               <!-- #######  NEW LOA   ###### -->
	   		               <!-- ############################ -->
	   		               <!-- ############################ -->
	   		               
    <!--  Entry for NEW LOA. -->
 	<SubMenu name="LOANewLOA" mode="DTMF" type="BusinessLogic" set="lastDayWorkedIECount:0;
 	                                                                returnToWorkDateIECount:0">
 	
		    <!--  -->	
			<MenuDefault targetType="submenu" targetMode="DTMF" targetName="LOAExpectedLastDateWorked"/>
			
	</SubMenu>       	

	   		               <!-- ############################ -->
       <SubMenu    name="LOAExpectedLastDateWorked" mode="DTMF"> 

           <!--  -->
		   <Audio tts="Please enter your expected or actual last day worked using two digits for the month, 
		               two digits for the day and four digits for the year.">
				       32501.au
		   </Audio>
		   
		  <Grammar>Date.grxml</Grammar>
		
			<!--   -->
		  <Choice dtmf="@dateCallerEntered" targetType="submenu" 
			      dest="LOAdateEntered:$dateCallerEntered"
			      handler="com.ibm.ivr.cvs.handler.DateValidation"
			      targetName="LOAExpectedLastDateWorkedCheckRc"/>
		          		          
          <InputError count="1"  targetType="submenu" targetMode="DTMF" targetName="LOAExpectedLastDateWorkedCheckIECnt"> </InputError>
          <InputError count="2"  targetType="submenu" targetMode="DTMF" targetName="LOAExpectedLastDateWorkedCheckIECnt"> </InputError>
 
	   </SubMenu>
	   
	   		            <!-- ############################ -->
	
	<SubMenu name="LOAExpectedLastDateWorkedCheckIECnt" mode="DTMF" type="BusinessLogic">
	
		<MenuDefault cond="$lastDayWorkedIECount EQ 0"
		             dest="lastDayWorkedIECount:1"
		             targetType="submenu" targetMode="DTMF" 
			         targetName="LOAExpectedLastDateWorked"/>
	
		<MenuDefault targetType="submenu" targetMode="DTMF" targetName="LOAXferType1" 
		                                                     dest="CVSLOAsubcategory:CVSLOA.new;CVSLOADest:$context.cvsProp.TFN_CVSLOA"/>			         
	</SubMenu>	   		               
	   	   		               
	   		               <!-- ############################ -->
	   		               
	<SubMenu name="LOAExpectedLastDateWorkedCheckRc" mode="DTMF" type="BusinessLogic">
	
		<MenuDefault cond="$dateEnteredValid EQ true"
		             targetType="submenu" targetMode="DTMF"
		             dest="loaExpectedLastDay:$LOAdateEntered" 
			         targetName="LOAExpectedLastDateWorkedConfirm"/>
			         
	
		<MenuDefault targetType="submenu" targetMode="DTMF" 
			         targetName="LOAExpectedLastDateWorkedCheckIECnt"/>
			         
	</SubMenu>
	
	   		               <!-- ############################ -->
	   		               
	<SubMenu name="LOAExpectedLastDateWorkedConfirm" mode="DTMF">

		<Audio tts="You entered
		            If this is correct, press 1.
                    If this is incorrect, press 2.">
            536.au
			(loaExpectedLastDay:MMDDYYYY)
			538.au
			556.au 
		</Audio>	
		
		<Choice dtmf="1" targetType="submenu" targetMode="DTMF" targetName="LOAReturnToWorkDate"/>	
		
		<Choice dtmf="2" targetType="submenu" targetMode="DTMF" targetName="LOAExpectedLastDateWorkedCheckIECnt"/>	
				
		<InputError count="1" reprompt="true"/>
		
		<!--  -->		
		<InputError count="2" targetType="submenu" targetMode="DTMF" targetName="LOAXferType1" 
		                                                     dest="CVSLOAsubcategory:CVSLOA.new;CVSLOADest:$context.cvsProp.TFN_CVSLOA"/>	
	</SubMenu>		
		   		               
	   		               <!-- ############################ -->
	   		               <!-- ############################ -->
	   		               
       <SubMenu    name="LOAReturnToWorkDate" mode="DTMF"> 

           <!--  -->
		   <Audio tts="Please enter your expected return date using two digits for the month, 
		               two digits for the day and four digits for the year. If you do not know 
		               your expected return date, please enter an approximate return date">
				       32502.au
		   </Audio>
		   
		  <Grammar>Date.grxml</Grammar>
		
			<!--   -->
		  <Choice dtmf="@dateCallerEntered" targetType="submenu" 
			      dest="LOAdateEntered:$dateCallerEntered"
			      handler="com.ibm.ivr.cvs.handler.DateValidation"
			      targetName="LOAReturnToWorkCheckRc"/>
		          		          
          <InputError count="1"  targetType="submenu" targetMode="DTMF" targetName="LOAReturnToWorkCheckIECnt"> </InputError>
          <InputError count="2"  targetType="submenu" targetMode="DTMF" targetName="LOAReturnToWorkCheckIECnt"> </InputError>
 
	   </SubMenu>

	<SubMenu name="LOAReturnToWorkCheckIECnt" mode="DTMF" type="BusinessLogic">
	
		<MenuDefault cond="$returnToWorkDateIECount EQ 0"
		             dest="returnToWorkDateIECount:1"
		             targetType="submenu" targetMode="DTMF" 
			         targetName="LOAReturnToWorkDate"/>
	
		<MenuDefault targetType="submenu" targetMode="DTMF" targetName="LOAXferType1" 
		                                                     dest="CVSLOAsubcategory:CVSLOA.new;CVSLOADest:$context.cvsProp.TFN_CVSLOA"/>			         
	</SubMenu>	   		               
	   	   		               
	   		               <!-- ############################ -->
	   		               
	<SubMenu name="LOAReturnToWorkCheckRc" mode="DTMF" type="BusinessLogic">
	
		<MenuDefault cond="$dateEnteredValid EQ true"
		             targetType="submenu" targetMode="DTMF"
		             dest="loaReturnToWorkDay:$LOAdateEntered" 
			         targetName="LOAReturnToWorkDateConfirm"/>
			         	
		<MenuDefault targetType="submenu" targetMode="DTMF" 
			         targetName="LOAReturnToWorkCheckIECnt"/>
			         
	</SubMenu>
	   		               <!-- ############################ -->
	   		               
	<SubMenu name="LOAReturnToWorkDateConfirm" mode="DTMF">

		<Audio tts="You entered
		            If this is correct, press 1.
                    If this is incorrect, press 2.">
            536.au
			(loaReturnToWorkDay:MMDDYYYY)
			538.au
			556.au 
		</Audio>	
		
		<Choice dtmf="1" targetType="submenu" targetMode="DTMF" targetName="LOANewDesc1"/>	
		
		<Choice dtmf="2" targetType="submenu" targetMode="DTMF" targetName="LOAReturnToWorkCheckIECnt"/>	
				
		<InputError count="1" reprompt="true"/>
		
		<!--  -->		
		<InputError count="2" targetType="submenu" targetMode="DTMF" targetName="LOAXferType1" 
		                                                     dest="CVSLOAsubcategory:CVSLOA.new;CVSLOADest:$context.cvsProp.TFN_CVSLOA"/>
	</SubMenu>		
	
		                   <!-- ############################ -->
		                   <!-- ############################ -->
		                   <!-- ############################ -->
		
	<!-- Defect 170315 -->                   
	<SubMenu name="LOANewDesc1" mode="DTMF" set="loaNewDesc1:0;
	                                             loaNewDesc2:0;
	                                             loaNewDesc3:0;
	                                             loaNewDesc4:0;
	                                             loaNewDesc5:0;
	                                             loaNewDesc6:0" repeat="*">

		<Audio tts="For medical or maternity leaves, press 1.
                    Family care leaves, press 2.
                    Military leaves, press 3.
                    Personal leaves, press 4.
                    Worker’s compensation, press 5.
                    Reasonable accommodation, press 6.
                    Military family health care or family deployment, press 7.
                    To repeat these options, press the star key.
					To return to the main menu, press the pound sign.">
			32503.au 
			pause1000.au
			39995.au
			39997.au
		</Audio>	

		<RepeatAudio tts="For medical or maternity leaves, press 1.
		                  Family care leaves, press 2.
		                  Military leaves, press 3.
		                  Personal leaves, press 4.
		                  Worker’s compensation, press 5.
		                  Reasonable accommodation, press 6.
		                  Military family health care or family deployment, press 7. 
					      To repeat these options, press the star key.
					      To return to the main menu, press the pound sign.
					      To speak with an agent, press zero.">
			32503.au 
			pause1000.au
			39995.au
			39997.au
			pause0500.au
			39996.au
		</RepeatAudio>	
		
		<Choice dtmf="1" targetType="submenu" dest="loaNewDesc1:1" targetMode="DTMF" targetName="LOANewDesc2-1"/>	

		<Choice dtmf="2" targetType="submenu" dest="loaNewDesc1:2" targetMode="DTMF" targetName="LOANewDesc2-2"/>		
						
		<Choice dtmf="3" targetType="submenu" dest="loaNewDesc1:3" targetMode="DTMF" targetName="LOANewDesc4"/>	
						
		<Choice dtmf="4" targetType="submenu" dest="loaNewDesc1:4" targetMode="DTMF" targetName="LOACreateNewLOA" />			
						
		<Choice dtmf="5" targetType="submenu" dest="loaNewDesc1:5" targetMode="DTMF" targetName="LOANewDesc3" />			
						
		<Choice dtmf="6" targetType="submenu" dest="loaNewDesc1:6" targetMode="DTMF" targetName="LOANewDesc3" />			
						
		<Choice dtmf="7" targetType="submenu" dest="loaNewDesc1:7" targetMode="DTMF" targetName="LOANewDesc3" />			
		
		<Choice dtmf="#" targetType="submenu" targetMode="DTMF" targetName="MainMenu"/>
		
		<Choice dtmf="0" targetType="submenu" targetMode="DTMF" targetName="LOAXferType1" 
		                                                     dest="CVSLOAsubcategory:CVSLOA.new;CVSLOADest:$context.cvsProp.TFN_CVSLOA"/>
		
		<InputError count="1" tts="For medical or maternity leaves, press 1.
				                   Family care leaves, press 2.
				                   Military leaves, press 3.
				                   Personal leaves, press 4.
				                   Worker’s compensation, press 5.
				                   Reasonable accommodation, press 6.
				                   Military family health care or family deployment, press 7. 
					               To repeat these options, press the star key.
					               To return to the main menu, press the pound sign.
					               To speak with an agent, press zero.">
			32503.au 
			pause1000.au
			39995.au
			39997.au
			pause0500.au
			39996.au
		</InputError>

		<InputError count="2" targetType="submenu" targetMode="DTMF" targetName="LOAXferType1" 
		                                                     dest="CVSLOAsubcategory:CVSLOA.new;CVSLOADest:$context.cvsProp.TFN_CVSLOA"/>		
	</SubMenu>						
		                   <!-- ############################ -->
	
	<!-- For medical leaves only, setting loaNewDesc2 to 1 or 2 only -->	                   
	<SubMenu name="LOANewDesc2-1" mode="DTMF" repeat="*">

		<Audio tts="For your own serious health condition, press 1.
                    For maternity, pregnancy related conditions including recovery from birth, press 2.
                    To repeat these options, press the star key.
					To return to the main menu, press the pound sign.">
			32504.au 
			pause1000.au
			39995.au
			39997.au
		</Audio>	

		<RepeatAudio tts="For your own serious health condition, press 1.
                          For maternity, pregnancy related conditions including recovery from birth, press 2.
					      To repeat these options, press the star key.
					      To return to the main menu, press the pound sign.
					      To speak with an agent, press zero.">
			32504.au 
			pause1000.au
			39995.au
			39997.au
			pause0500.au
			39996.au
		</RepeatAudio>	
		
		<Choice dtmf="1" targetType="submenu" dest="loaNewDesc2:1" targetMode="DTMF" targetName="LOANewDesc3"/>	

		<Choice dtmf="2" targetType="submenu" dest="loaNewDesc2:2" targetMode="DTMF" targetName="LOANewDesc3"/>		
		
		<Choice dtmf="#" targetType="submenu" targetMode="DTMF" targetName="MainMenu"/>
		
		<Choice dtmf="0" targetType="submenu" targetMode="DTMF" targetName="LOAXferType1" 
		                                                     dest="CVSLOAsubcategory:CVSLOA.new;CVSLOADest:$context.cvsProp.TFN_CVSLOA"/>
		
		<InputError count="1" tts="For your own serious health condition, press 1.
                                   For maternity, pregnancy related conditions including recovery from birth, press 2.
					               To repeat these options, press the star key.
					               To return to the main menu, press the pound sign.
					               To speak with an agent, press zero.">
			32504.au 
			pause1000.au
			39995.au
			39997.au
			pause0500.au
			39996.au
		</InputError>

		<InputError count="2" targetType="submenu" targetMode="DTMF" targetName="LOAXferType1" 
		                                                     dest="CVSLOAsubcategory:CVSLOA.new;CVSLOADest:$context.cvsProp.TFN_CVSLOA"/>		
	</SubMenu>						

		                   <!-- ############################ -->
		                   
	<!-- For family leaves only, setting loaNewDesc2 to 3 or 4 only -->	           
	<SubMenu name="LOANewDesc2-2" mode="DTMF" repeat="*">

		<Audio tts="For the serious health of a family member, press 1.
                    To care for a newborn, newly adopted, or newly placed foster child, press 2.
                    To repeat these options, press the star key.
					To return to the main menu, press the pound sign.">
			32511.au 
			pause1000.au
			39995.au
			39997.au
		</Audio>	

		<RepeatAudio tts="For the serious health of a family member, press 1.
                          To care for a newborn, newly adopted, or newly placed foster child, press 2. 
					      To repeat these options, press the star key.
					      To return to the main menu, press the pound sign.
					      To speak with an agent, press zero.">
			32511.au 
			pause1000.au
			39995.au
			39997.au
			pause0500.au
			39996.au
		</RepeatAudio>	
						
		<Choice dtmf="1" targetType="submenu" dest="loaNewDesc2:3" targetMode="DTMF" targetName="LOANewDesc3"/>	
						
		<Choice dtmf="2" targetType="submenu" dest="loaNewDesc2:4" targetMode="DTMF" targetName="LOANewDesc3" />			
		
		<Choice dtmf="#" targetType="submenu" targetMode="DTMF" targetName="MainMenu"/>
		
		<Choice dtmf="0" targetType="submenu" targetMode="DTMF" targetName="LOAXferType1" 
		                                                     dest="CVSLOAsubcategory:CVSLOA.new;CVSLOADest:$context.cvsProp.TFN_CVSLOA"/>
		
		<InputError count="1" tts="For the serious health of a family member, press 1.
                                   To care for a newborn, newly adopted, or newly placed foster child, press 2.  
					               To repeat these options, press the star key.
					               To return to the main menu, press the pound sign.
					               To speak with an agent, press zero.">
			32511.au 
			pause1000.au
			39995.au
			39997.au
			pause0500.au
			39996.au
		</InputError>

		<InputError count="2" targetType="submenu" targetMode="DTMF" targetName="LOAXferType1" 
		                                                     dest="CVSLOAsubcategory:CVSLOA.new;CVSLOADest:$context.cvsProp.TFN_CVSLOA"/>		
	</SubMenu>					
	   		               <!-- ############################ -->
	   		               
	<SubMenu name="LOANewDesc3" mode="DTMF">

		<Audio tts="If you will be unable to report to work at any time during your leave, press 1. 
                    If you will be out of work periodically, press 2. 
                    If you are requesting a reduced schedule leave, press 3.">
			32506.au
		</Audio>	
		
		<Choice dtmf="1" targetType="submenu" dest="loaNewDesc3:1" targetMode="DTMF" targetName="LOANewDesc4WhatNext"/>	

		<Choice dtmf="2" targetType="submenu" dest="loaNewDesc3:2" targetMode="DTMF" targetName="LOANewDesc4WhatNext"/>		
						
		<Choice dtmf="3" targetType="submenu" dest="loaNewDesc3:3" targetMode="DTMF" targetName="LOANewDesc4WhatNext"/>	
				
		<InputError count="1" reprompt="true"/>
		
		<!--  -->		
		<InputError count="2" targetType="submenu" targetMode="DTMF" targetName="LOAXferType1" 
		                                                     dest="CVSLOAsubcategory:CVSLOA.new;CVSLOADest:$context.cvsProp.TFN_CVSLOA"/>	
	</SubMenu>		

	   		               <!-- ############################ -->
	   		               
	<SubMenu name="LOANewDesc4" mode="DTMF">

		<Audio tts="For Military Enlistment, press 1. 
                    Military Reserve Call-Up, press 2. 
                    Military Training, press 3.">
			32505.au
		</Audio>	
		
		<Choice dtmf="1" targetType="submenu" dest="loaNewDesc4:1" targetMode="DTMF" targetName="LOACreateNewLOA"/>	

		<Choice dtmf="2" targetType="submenu" dest="loaNewDesc4:2" targetMode="DTMF" targetName="LOACreateNewLOA"/>		
						
		<Choice dtmf="3" targetType="submenu" dest="loaNewDesc4:3" targetMode="DTMF" targetName="LOACreateNewLOA"/>	
				
		<InputError count="1" reprompt="true"/>
		
		<!--  -->		
		<InputError count="2" targetType="submenu" targetMode="DTMF" targetName="LOAXferType1" 
		                                                     dest="CVSLOAsubcategory:CVSLOA.new;CVSLOADest:$context.cvsProp.TFN_CVSLOA"/>	
	</SubMenu>		
	   		               <!-- ############################ -->
	   		               
	<SubMenu name="LOANewDesc4WhatNext" mode="DTMF" type="BusinessLogic">
	
		<MenuDefault cond="$loaNewDesc1 EQ 6"
		             targetType="submenu" targetMode="DTMF"
			         targetName="LOANewDesc5"/>
			        
		<MenuDefault cond="$loaNewDesc1 EQ 7"
		             targetType="submenu" targetMode="DTMF"
			         targetName="LOANewDesc6"/>
	
		<MenuDefault targetType="submenu" targetMode="DTMF" 
			         targetName="LOACreateNewLOA"/>
			         
	</SubMenu>

	   		               <!-- ############################ -->
	   		               
	<SubMenu name="LOANewDesc5" mode="DTMF">

		<Audio tts="For your own serious health condition, press 1.
                    For Military reasons, press 2.
                    For Workers Compensation, press 3">
			32800.au
		</Audio>	
		
		<Choice dtmf="1" targetType="submenu" dest="loaNewDesc5:1" targetMode="DTMF" targetName="LOACreateNewLOA"/>	

		<Choice dtmf="2" targetType="submenu" dest="loaNewDesc5:2" targetMode="DTMF" targetName="LOACreateNewLOA"/>		
						
		<Choice dtmf="3" targetType="submenu" dest="loaNewDesc5:3" targetMode="DTMF" targetName="LOACreateNewLOA"/>	
				
		<InputError count="1" reprompt="true"/>
		
		<!--  -->		
		<InputError count="2" targetType="submenu" targetMode="DTMF" targetName="LOAXferType1" 
		                                                     dest="CVSLOAsubcategory:CVSLOA.new;CVSLOADest:$context.cvsProp.TFN_CVSLOA"/>	
	</SubMenu>		

	   		               <!-- ############################ -->
	   		               
	<SubMenu name="LOANewDesc6" mode="DTMF">

		<Audio tts="For Military Family Health Care, press 1.
                    For Military Family Deployment , press 2.">
			32805.au
		</Audio>	
		
		<Choice dtmf="1" targetType="submenu" dest="loaNewDesc6:1" targetMode="DTMF" targetName="LOACreateNewLOA"/>	

		<Choice dtmf="2" targetType="submenu" dest="loaNewDesc6:2" targetMode="DTMF" targetName="LOACreateNewLOA"/>		
						
		<InputError count="1" reprompt="true"/>
		
		<!--  -->		
		<InputError count="2" targetType="submenu" targetMode="DTMF" targetName="LOAXferType1" 
		                                                     dest="CVSLOAsubcategory:CVSLOA.new;CVSLOADest:$context.cvsProp.TFN_CVSLOA"/>	
	</SubMenu>		

	   		               <!-- ############################ -->
	   		               
	<SubMenu name="LOACreateNewLOA" mode="DTMF" type="BusinessLogic">
		
		<MenuDefault targetType="submenu" targetMode="DTMF"
		             dest="loaCmd:New"
	                 handler="com.ibm.ivr.cvs.handler.LOA"  
			         targetName="LOACreateNewLOACheckRc"/>
			         
	</SubMenu>
	   		               <!-- ############################ -->
	   		               
	<SubMenu name="LOACreateNewLOACheckRc" mode="DTMF" type="BusinessLogic">
	   		              
        <Email cond="$hRC EQ C, $context.emailAlerts.dbConnectionFailed EQ NULL" 
                                    subject="DB connection Failured" alert="dbConnectionFailed"/>
				
		<MenuDefault cond="$hRC EQ S"
		             targetType="submenu" targetMode="DTMF"
			         targetName="LOAPlayNewLOA"/>
			         
		<MenuDefault targetType="submenu" targetMode="DTMF" targetName="LOAXferType2" 
		                                                     dest="CVSLOAsubcategory:CVSLOA.new;CVSLOADest:$context.cvsProp.TFN_CVSLOA"/>
			         
	</SubMenu>

	   		               <!-- ############################ -->
     		               <!-- ############################ -->

	<!-- Play informational message based on LOA definitions -->       	
	<SubMenu name="LOAPlayNewLOA" mode="DTMF" type="PromptPlay">
	
	    <!-- Health Condition or Maternity or Family Member -->
	   	<Audio   cond="$loaNewDesc1 EQ 1, $loaNewDesc2 EQ 1"
	   	         tts="Your leave request has been recorded. If you have not notified your manager, you must do so at this time.
	   	         
	   	              A leave packet will be mailed to your home containing a Physician Certification form which must be completed by 
	   	              the treating physician in order for your leave to be approved. You will have 15 days from receipt of the package
	   	              to complete and return the certification. Once sufficient medical documentation is received,  
	   	              a leave determination will be made.">
                 32780.au
                 32781.au
    	</Audio> 
    	
	    <!-- Health Condition or Maternity or Family Member -->	
	   	<Audio   cond="$loaNewDesc1 EQ 1, $loaNewDesc2 EQ 2"
	   	         tts="Your leave request has been recorded. If you have not notified your manager, you must do so at this time.
	   	         
	   	              A leave packet will be mailed to your home containing a Physician Certification form which must be completed by 
	   	              the treating physician in order for your leave to be approved. You will have 15 days from receipt of the package
	   	              to complete and return the certification. Once sufficient medical documentation is received,  
	   	              a leave determination will be made.">
                 32780.au
                 32781.au
    	</Audio> 
	
	    <!-- Health Condition or Maternity or Family Member -->
	   	<Audio   cond="$loaNewDesc1 EQ 1, $loaNewDesc2 EQ 3"
	   	         tts="Your leave request has been recorded. If you have not notified your manager, you must do so at this time.
	   	         
	   	              A leave packet will be mailed to your home containing a Physician Certification form which must be completed by 
	   	              the treating physician in order for your leave to be approved. You will have 15 days from receipt of the package
	   	              to complete and return the certification. Once sufficient medical documentation is received,  
	   	              a leave determination will be made.">
                 32780.au
                 32781.au
    	</Audio> 
	
	    <!-- New Child -->
	   	<Audio   cond="$loaNewDesc1 EQ 1, $loaNewDesc2 EQ 4"
	   	         tts="Your leave request has been recorded. If you have not notified your manager, you must do so at this time.
	   	         
	   	              A leave packet will be mailed to your home containing more information.">
                 32780.au
                 32782.au
    	</Audio> 

	    <!-- Health Condition or Maternity or Family Member -->
	   	<Audio   cond="$loaNewDesc1 EQ 2, $loaNewDesc2 EQ 1"
	   	         tts="Your leave request has been recorded. If you have not notified your manager, you must do so at this time.
	   	         
	   	              A leave packet will be mailed to your home containing a Physician Certification form which must be completed by 
	   	              the treating physician in order for your leave to be approved. You will have 15 days from receipt of the package
	   	              to complete and return the certification. Once sufficient medical documentation is received,  
	   	              a leave determination will be made.">
                 32780.au
                 32781.au
    	</Audio> 
	
	    <!-- Health Condition or Maternity or Family Member -->
	   	<Audio   cond="$loaNewDesc1 EQ 2, $loaNewDesc2 EQ 2"
	   	         tts="Your leave request has been recorded. If you have not notified your manager, you must do so at this time.
	   	         
	   	              A leave packet will be mailed to your home containing a Physician Certification form which must be completed by 
	   	              the treating physician in order for your leave to be approved. You will have 15 days from receipt of the package
	   	              to complete and return the certification. Once sufficient medical documentation is received,  
	   	              a leave determination will be made.">
                 32780.au
                 32781.au
    	</Audio> 
	
	    <!-- Health Condition or Maternity or Family Member -->
	   	<Audio   cond="$loaNewDesc1 EQ 2, $loaNewDesc2 EQ 3"
	   	         tts="Your leave request has been recorded. If you have not notified your manager, you must do so at this time.
	   	         
	   	              A leave packet will be mailed to your home containing a Physician Certification form which must be completed by 
	   	              the treating physician in order for your leave to be approved. You will have 15 days from receipt of the package
	   	              to complete and return the certification. Once sufficient medical documentation is received,  
	   	              a leave determination will be made.">
                 32780.au
                 32781.au
    	</Audio> 
	
	    <!-- New Child -->
	   	<Audio   cond="$loaNewDesc1 EQ 2, $loaNewDesc2 EQ 4"
	   	         tts="Your leave request has been recorded. If you have not notified your manager, you must do so at this time.
	   	         
	   	              A leave packet will be mailed to your home containing more information.">
                 32780.au
                 32782.au
    	</Audio> 

	    <!-- Military Enlist or Training -->
	   	<Audio   cond="$loaNewDesc1 EQ 3, $loaNewDesc4 EQ 1"
	   	         tts="Your leave request has been recorded. If you have not notified your manager, you must do so at this time.
	   	         
	   	              You are also required to submit a copy of your military orders. 
                      A leave packet will be mailed to your home containing more information">
                 32780.au
                 32783.au
                 32785.au
    	</Audio> 
	
	    <!-- Military Enlist or Training -->
	   	<Audio   cond="$loaNewDesc1 EQ 3, $loaNewDesc4 EQ 3"
	   	         tts="Your leave request has been recorded. If you have not notified your manager, you must do so at this time.
	   	         
	   	              You are also required to submit a copy of your military orders. 
                      A leave packet will be mailed to your home containing more information">
                 32780.au     
                 32783.au
                 32785.au
    	</Audio> 
	
	    <!-- Military Callup -->
	   	<Audio   cond="$loaNewDesc1 EQ 3, $loaNewDesc4 EQ 2"
	   	         tts="Your leave request has been recorded. If you have not notified your manager, you must do so at this time.
	   	         
	   	              You are also required to submit a copy of your military orders and a statement of your military wages. 
	   	              A leave packet will be mailed to your home containing more information">
                 32780.au     
                 32784.au
    	</Audio> 

	    <!-- Reasonable accommodation -->
	   	<Audio   cond="$loaNewDesc1 EQ 6"
	   	         tts="Your leave request has been recorded. If you have not notified your manager, you must do so at this time.">
                 32780.au     
    	</Audio> 
	
	    <!-- Military Family -->
	   	<Audio   cond="$loaNewDesc1 EQ 7"
	   	         tts="Your leave request has been recorded. If you have not notified your manager, you must do so at this time.
	   	         
                      A leave packet will be mailed to your home containing more information">
                 32780.au     
                 32785.au
    	</Audio> 
	
	    <!-- Personal leaves -->
	   	<Audio   cond="$loaNewDesc1 EQ 4"
	   	         tts="Personal leaves are granted at the sole discretion of the company and require HR approval.  
	   	              If you have not already done so, you must contact your manager regarding the reason for your request.">
                 32786.au     
    	</Audio> 
	
	    <!-- Workers Compensation -->
	   	<Audio   cond="$loaNewDesc1 EQ 5"
	   	         tts="Your leave request has been recorded. If you have not notified your manager, you must do so at this time.
                      Your manager will need to report your workers compensation injury to Med Insights.">
                 32780.au
                 32787.au     
    	</Audio> 

        <MenuDefault targetType="submenu" targetMode="DTMF" targetName="LOAPlayNewLOAWhatNext"/>			
	</SubMenu>

	   		               <!-- ############################ -->
	   		               
	<SubMenu name="LOAPlayNewLOAWhatNext" mode="DTMF" type="BusinessLogic">

		<!-- Heath or Maternity -->
		<!-- Heath or Maternity -->
		<MenuDefault cond="$loaNewDesc1 EQ 1, $loaNewDesc2 EQ 1"
		             targetType="submenu" targetMode="DTMF"
		             dest="loaCmd:STD"
	                 handler="com.ibm.ivr.cvs.handler.LOA"  		             
			         targetName="LOA123CheckRc"/>
		
		<!-- Heath or Maternity -->
		<MenuDefault cond="$loaNewDesc1 EQ 1, $loaNewDesc2 EQ 2"
		             targetType="submenu" targetMode="DTMF"
		             dest="loaCmd:STD"
	                 handler="com.ibm.ivr.cvs.handler.LOA"  		             
			         targetName="LOA123CheckRc"/>
		
		<!-- Heath or Maternity -->
		<MenuDefault cond="$loaNewDesc1 EQ 2, $loaNewDesc2 EQ 1"
		             targetType="submenu" targetMode="DTMF"
		             dest="loaCmd:STD"
	                 handler="com.ibm.ivr.cvs.handler.LOA"  		             
			         targetName="LOA123CheckRc"/>
		
		<!-- Heath or Maternity -->
		<MenuDefault cond="$loaNewDesc1 EQ 2, $loaNewDesc2 EQ 2"
		             targetType="submenu" targetMode="DTMF"
		             dest="loaCmd:STD"
	                 handler="com.ibm.ivr.cvs.handler.LOA"  		             
			         targetName="LOA123CheckRc"/>

		<!-- Family -->
		<!-- Family -->
		<MenuDefault cond="$loaNewDesc1 EQ 1, $loaNewDesc2 EQ 3"
		             targetType="submenu" targetMode="DTMF"
		             dest="loaRcdFlag:FMLA"
			         targetName="LOARecord"/>
		
		<!-- Family -->
		<MenuDefault cond="$loaNewDesc1 EQ 1, $loaNewDesc2 EQ 4"
		             targetType="submenu" targetMode="DTMF"
		             dest="loaRcdFlag:FMLA"
			         targetName="LOARecord"/>
		
		<!-- Family -->
		<MenuDefault cond="$loaNewDesc1 EQ 2, $loaNewDesc2 EQ 3"
		             targetType="submenu" targetMode="DTMF"
		             dest="loaRcdFlag:FMLA"
			         targetName="LOARecord"/>
		
		<!-- Family -->
		<!-- Defect 170421   Remove this check so the call ends -->
		<!-- 
		<MenuDefault cond="$loaNewDesc1 EQ 2, $loaNewDesc2 EQ 4"
		             targetType="submenu" targetMode="DTMF"
		             dest="loaRcdFlag:FMLA"
			         targetName="LOARecord"/>
         -->

		<!-- Personal -->		
		<MenuDefault cond="$loaNewDesc1 EQ 4"
		             targetType="submenu" targetMode="DTMF"
		             dest="loaRcdFlag:PLR"
			         targetName="LOARecord"/>
			         
		<MenuDefault targetType="submenu" targetMode="DTMF"
			         targetName="LOAEndCall"/>
			         
	</SubMenu>
	   		               <!-- ############################ -->
	   		               
	<SubMenu name="LOA123CheckRc" mode="DTMF" type="BusinessLogic">
	   		              
        <Email cond="$hRC EQ C, $context.emailAlerts.dbConnectionFailed EQ NULL" 
                                    subject="DB connection Failured" alert="dbConnectionFailed"/>
				
		<MenuDefault cond="$hRC EQ S"
		             targetType="submenu" targetMode="DTMF"
			         targetName="LOA123Eligible"/>
			         
		<MenuDefault targetType="submenu" targetMode="DTMF"
			         targetName="LOAEndCall"/>
			         
	</SubMenu>
		   		               <!-- ############################ -->
		   		               
	<SubMenu name="LOA123Eligible" mode="DTMF" repeat="*">

		<Audio tts="If you are enrolled in short-term disability and want to initiate a claim press 1.
					To repeat these options, press the star key.
					To return to the main menu, press the pound sign.">
			32510.au 
			pause1000.au
			39995.au
			39997.au
		</Audio>	

		<RepeatAudio tts="If you are enrolled in short-term disability and want to initiate a claim press 1. 
					      To repeat these options, press the star key.
					      To return to the main menu, press the pound sign.
					      To speak with an agent, press zero.">
			32510.au 
			pause1000.au
			39995.au
			39997.au
			pause0500.au
			39996.au
		</RepeatAudio>	
		
		<Choice dtmf="1" targetType="submenu" targetMode="DTMF" targetName="LOAXferType1" 
		                                                        dest="CVSLOAsubcategory:CVSLOA.UNUM;CVSLOADest:$context.cvsProp.TFN_UNUM_LOA"/>	
		
		<Choice dtmf="#" targetType="submenu" targetMode="DTMF" targetName="MainMenu"/>
		
		<Choice dtmf="0" targetType="submenu" targetMode="DTMF" targetName="LOAXferType1" 
		                                                     dest="CVSLOAsubcategory:CVSLOA.new;CVSLOADest:$context.cvsProp.TFN_CVSLOA"/>
		
		<InputError count="1" tts="If you are enrolled in short-term disability and want to initiate a claim press 1. 
					               To repeat these options, press the star key.
					               To return to the main menu, press the pound sign.
					               To speak with an agent, press zero.">
			32510.au 
			pause1000.au
			39995.au
			39997.au
			pause0500.au
			39996.au
		</InputError>

		<InputError count="2" targetType="submenu" targetMode="DTMF" targetName="LOAXferType1" 
		                                                     dest="CVSLOAsubcategory:CVSLOA.new;CVSLOADest:$context.cvsProp.TFN_CVSLOA"/>		
	</SubMenu>						

	   		               <!-- ############################ -->
	   		               <!-- ############################ -->
	   		               <!-- ############################ -->
	   	
	<!-- Place recording logic here .. -->   		               
	<SubMenu name="LOARecord" mode="DTMF" type="record" vxml="maxtime=60s"  recordingConfirmation="false">
	
	    <!-- FMLA Check -->
	   	<Audio   cond="$loaRcdFlag EQ FMLA"
	   	         tts="You have requested a leave to care for a seriously ill family member. 
	   	              At the tone, please state the family member's relationship to you, followed by the pound sign.">
                 32508.au
    	</Audio> 
	
	    <!-- PLR Check -->
	   	<Audio   cond="$loaRcdFlag EQ PLR"
	   	         tts="At the tone, please provide the specific and compelling reason for your request, followed by the  
	   	              pound sign. This information will only be accessible by the appropriate department. 
	   	              You may record up to a 60 second message.">
                 32507.au
    	</Audio> 

	    <!--  -->	
		<MenuDefault targetType="submenu" targetMode="DTMF" 
		             handler="com.ibm.ivr.cvs.handler.LOASaveRecording"
		             targetName="LOARecordCheckRc"/>
		
					         
	</SubMenu>
	   		               <!-- ############################ -->
	   		               
	<SubMenu name="LOARecordCheckRc" mode="DTMF" type="BusinessLogic">
	
		<MenuDefault cond="$hRC EQ R"
		             targetType="submenu" targetMode="DTMF"
			         targetName="LOARecordRepeat"/>

		
		<MenuDefault cond="$hRC EQ S"
		             targetType="submenu" targetMode="DTMF"
			         targetName="LOARecordComplete"/>
			         
		<MenuDefault targetType="submenu" targetMode="DTMF" targetName="LOAXferType2" 
		                                                     dest="CVSLOAsubcategory:CVSLOA.new;CVSLOADest:$context.cvsProp.TFN_CVSLOA"/>
			         
	</SubMenu>
     		               <!-- ############################ -->

	<!--  -->       	
	<SubMenu name="LOARecordRepeat" mode="DTMF" type="PromptPlay">
	
	    <!--  -->
	   	<Audio   tts="Sorry, please try again.">
                 32512.au
    	</Audio>
    	
  		<MenuDefault targetType="submenu" targetMode="DTMF"
			         targetName="LOARecord"/>
    	 
	</SubMenu>

     		               <!-- ############################ -->

	<!--  -->       	
	<SubMenu name="LOARecordComplete" mode="DTMF" type="PromptPlay">
	
	    <!--  -->
	   	<Audio   tts="Please allow up to 5 days for updating your request. Thank you.">
                 32509.au
    	</Audio>
    	
  		<MenuDefault targetType="submenu" targetMode="DTMF"
			         targetName="LOAEndCallQuiet"/>
    	 
	</SubMenu>

	   		               <!-- #######  EXTEND LOA   ###### -->
	   		               <!-- ############################ -->
	   		               <!-- ############################ -->
	   		               
	   		               
    <!--  Entry for Extend LOA. -->
 	<SubMenu name="LOAExtendLOA" mode="DTMF" type="BusinessLogic" set="lastDayWorkedIECount:0;
 	                                                                   returnToWorkDateIECount:0">
 	
		    <!--  -->	
			<MenuDefault targetType="submenu" targetMode="DTMF" targetName="LOAExtendLastDateWorked"/>
			
	</SubMenu>       	

	   		               <!-- ############################ -->
       <SubMenu    name="LOAExtendLastDateWorked" mode="DTMF"> 

           <!--  -->
		   <Audio tts="Please enter your last day worked for the leave you are updating using two digits for the month, 
		               two digits for the day and four digits for the year.">
				       32820.au
		   </Audio>
		   
		  <Grammar>Date.grxml</Grammar>
		
			<!--   -->
		  <Choice dtmf="@dateCallerEntered" targetType="submenu" 
			      dest="LOAdateEntered:$dateCallerEntered"
			      handler="com.ibm.ivr.cvs.handler.DateValidation"
			      targetName="LOAExtendLastDateWorkedCheckRc"/>
		          		          
          <InputError count="1"  targetType="submenu" targetMode="DTMF" targetName="LOAExtendLastDateWorkedCheckIECnt"> </InputError>
          <InputError count="2"  targetType="submenu" targetMode="DTMF" targetName="LOAExtendLastDateWorkedCheckIECnt"> </InputError>
 
	   </SubMenu>
	   
	   		            <!-- ############################ -->
	
	<SubMenu name="LOAExtendLastDateWorkedCheckIECnt" mode="DTMF" type="BusinessLogic" markPosition="false">
	
		<MenuDefault cond="$lastDayWorkedIECount EQ 0"
		             dest="lastDayWorkedIECount:1"
		             targetType="submenu" targetMode="DTMF" 
			         targetName="LOAExtendLastDateWorked"/>
	
		<MenuDefault targetType="submenu" targetMode="DTMF" targetName="LOAXferType1" 
		                                                     dest="CVSLOAsubcategory:CVSLOA.extend;CVSLOADest:$context.cvsProp.TFN_CVSLOA"/>
			         
	</SubMenu>	   		               
	   	   		               
	   		               <!-- ############################ -->
	   		               
	<SubMenu name="LOAExtendLastDateWorkedCheckRc" mode="DTMF" type="BusinessLogic">
	
		<MenuDefault cond="$dateEnteredValid EQ true"
		             targetType="submenu" targetMode="DTMF"
		             dest="loaExtendLastDay:$LOAdateEntered" 
			         targetName="LOAExtendLastDateWorkedConfirm"/>
			         
	
		<MenuDefault targetType="submenu" targetMode="DTMF" 
			         targetName="LOAExtendLastDateWorkedCheckIECnt"/>
			         
	</SubMenu>
	
	   		               <!-- ############################ -->
	   		               
	<SubMenu name="LOAExtendLastDateWorkedConfirm" mode="DTMF">

		<Audio tts="You entered
		            If this is correct, press 1.
                    If this is incorrect, press 2.">
            536.au
			(loaExtendLastDay:MMDDYYYY)
			538.au
			556.au 
		</Audio>	
		
		<Choice dtmf="1" targetType="submenu" targetMode="DTMF" 
		        dest="loaCmd:Get"
	            handler="com.ibm.ivr.cvs.handler.LOA"  		        
		        targetName="LOAExtendGetLOACheckRc"/>	
		
		<Choice dtmf="2" targetType="submenu" targetMode="DTMF" targetName="LOAExtendLastDateWorkedCheckIECnt"/>	
				
		<InputError count="1" reprompt="true"/>
		
		<!--  -->		
		<InputError count="2" targetType="submenu" targetMode="DTMF" targetName="LOAXferType1" 
		                                                     dest="CVSLOAsubcategory:CVSLOA.extend;CVSLOADest:$context.cvsProp.TFN_CVSLOA"/>	
	</SubMenu>		
	   		               <!-- ############################ -->
	   		               
	<SubMenu name="LOAExtendGetLOACheckRc" mode="DTMF" type="BusinessLogic">
	   		              
        <Email cond="$hRC EQ C, $context.emailAlerts.dbConnectionFailed EQ NULL" 
                                    subject="DB connection Failured" alert="dbConnectionFailed"/>
				
		<MenuDefault cond="$hRC EQ S"
		             targetType="submenu" targetMode="DTMF"
			         targetName="LOAExtendReturnDate"/>
			         
		<MenuDefault targetType="submenu" targetMode="DTMF" targetAudio="32821.au" targetName="LOAXferType2" 
		                                                    dest="CVSLOAsubcategory:CVSLOA.extend;CVSLOADest:$context.cvsProp.TFN_CVSLOA"/>
	</SubMenu>

	   		               <!-- ############################ -->
	   		               <!-- ############################ -->
	   		               <!-- ############################ -->
       <!--  Extend LOA Collect Return Date -->
       <SubMenu    name="LOAExtendReturnDate" mode="DTMF"> 

           <!--  -->
		   <Audio tts="Please enter your new expected return date using two digits for the month, 
		               two digits for the day and four digits for the year.">
				       32823.au
		   </Audio>
		   
		  <Grammar>Date.grxml</Grammar>
		
			<!--   -->
		  <Choice dtmf="@dateCallerEntered" targetType="submenu" 
			      dest="LOAdateEntered:$dateCallerEntered"
			      handler="com.ibm.ivr.cvs.handler.DateValidation"
			      targetName="LOAExtendReturnDateCheckRc"/>
		          		          
          <InputError count="1"  targetType="submenu" targetMode="DTMF" targetName="LOAExtendReturnDateCheckIECnt"> </InputError>
          <InputError count="2"  targetType="submenu" targetMode="DTMF" targetName="LOAExtendReturnDateCheckIECnt"> </InputError>
 
	   </SubMenu>
	   
	   		            <!-- ############################ -->
	
	<SubMenu name="LOAExtendReturnDateCheckIECnt" mode="DTMF" type="BusinessLogic" markPosition="false">
	
		<MenuDefault cond="$returnToWorkDateIECount EQ 0"
		             dest="returnToWorkDateIECount:1"
		             targetType="submenu" targetMode="DTMF" 
			         targetName="LOAExtendReturnDate"/>
	
		<MenuDefault targetType="submenu" targetMode="DTMF" targetName="LOAXferType1" 
		                                                     dest="CVSLOAsubcategory:CVSLOA.extend;CVSLOADest:$context.cvsProp.TFN_CVSLOA"/>
			         
	</SubMenu>	   		               
	   	   		               
	   		               <!-- ############################ -->
	   		               
	<SubMenu name="LOAExtendReturnDateCheckRc" mode="DTMF" type="BusinessLogic">
	
		<MenuDefault cond="$dateEnteredValid EQ true"
		             targetType="submenu" targetMode="DTMF"
		             dest="loaExtendReturnDay:$LOAdateEntered" 
			         targetName="LOAExtendReturnDateConfirm"/>
			         
	
		<MenuDefault targetType="submenu" targetMode="DTMF" 
			         targetName="LOAExtendReturnDateCheckIECnt"/>
			         
	</SubMenu>
	
	   		               <!-- ############################ -->
	   		               
	<SubMenu name="LOAExtendReturnDateConfirm" mode="DTMF">

		<Audio tts="You entered
		            If this is correct, press 1.
                    If this is incorrect, press 2.">
            536.au
			(loaExtendReturnDay:MMDDYYYY)
			538.au
			556.au 
		</Audio>	
		
		<Choice dtmf="1" targetType="submenu" targetMode="DTMF" 
		        targetName="LOAExtendGetLOAType"/>	
		
		<Choice dtmf="2" targetType="submenu" targetMode="DTMF" targetName="LOAExtendReturnDateCheckIECnt"/>	
				
		<InputError count="1" reprompt="true"/>
		
		<!--  -->		
		<InputError count="2" targetType="submenu" targetMode="DTMF" targetName="LOAXferType1" 
		                                                     dest="CVSLOAsubcategory:CVSLOA.extend;CVSLOADest:$context.cvsProp.TFN_CVSLOA"/>	
	</SubMenu>		

	   		               <!-- ############################ -->
	   		               
	<SubMenu name="LOAExtendGetLOAType" mode="DTMF">

		<Audio tts="If you will be unable to report to work at any time during your leave, press 1. 
                    If you will be out of work periodically, press 2. 
                    If you are requesting a reduced schedule leave, press 3.">
			32824.au
		</Audio>	
		
		<Choice dtmf="1" targetType="submenu"
		        dest="loaCmd:Update;
		              loaExtDesc1:1"
	            handler="com.ibm.ivr.cvs.handler.LOA"  		         
		        targetMode="DTMF" targetName="LOAExtendUpdateLOACheckRc"/>	

		<Choice dtmf="2" targetType="submenu"
		        dest="loaCmd:Update;
		              loaExtDesc1:2"
	            handler="com.ibm.ivr.cvs.handler.LOA"  		         
		        targetMode="DTMF" targetName="LOAExtendUpdateLOACheckRc"/>	
						
		<Choice dtmf="3" targetType="submenu"
		        dest="loaCmd:Update;
		              loaExtDesc1:3"
	            handler="com.ibm.ivr.cvs.handler.LOA"  		         
		        targetMode="DTMF" targetName="LOAExtendUpdateLOACheckRc"/>	
				
		<InputError count="1" reprompt="true"/>
		
		<!--  -->		
		<InputError count="2" targetType="submenu" targetMode="DTMF" targetName="LOAXferType1" 
		                                                     dest="CVSLOAsubcategory:CVSLOA.extend;CVSLOADest:$context.cvsProp.TFN_CVSLOA"/>	
	</SubMenu>		

	   		               <!-- ############################ -->
	   		               
	<SubMenu name="LOAExtendUpdateLOACheckRc" mode="DTMF" type="BusinessLogic">
	   		              
        <Email cond="$hRC EQ C, $context.emailAlerts.dbConnectionFailed EQ NULL" 
                                    subject="DB connection Failured" alert="dbConnectionFailed"/>
		
		<MenuDefault cond="$hRC EQ S"
		             targetType="submenu" targetMode="DTMF"
			         targetName="LOAExtendUpdateLOAComplete"/>
			         
		<MenuDefault targetType="submenu" targetMode="DTMF" targetName="LOAXferType2" 
		                                                     dest="CVSLOAsubcategory:CVSLOA.extend;CVSLOADest:$context.cvsProp.TFN_CVSLOA"/>
			         
	</SubMenu>
	   		               <!-- ############################ -->
	   		               
	<SubMenu name="LOAExtendUpdateLOAComplete" mode="DTMF">

		<Audio tts="Your leave request has been recorded. If you have not notified your manager of your new expected return date, you must do so at this time.
                    To return to the previous menu, press the pound sign.
                    To speak with an agent, press zero.
                    To end this call just hang up.">
			32825.au
			39998.au
			39996.au 
			39993.au
		</Audio>	
		
		<Choice dtmf="#" targetType="submenu" targetMode="DTMF" targetName="LOADisabilityMenu"/>
		
		<Choice dtmf="0" targetType="submenu" targetMode="DTMF" targetName="LOAXferType1" 
		                                                     dest="CVSLOAsubcategory:CVSLOA.extend;CVSLOADest:$context.cvsProp.TFN_CVSLOA"/>
				
		<InputError count="1" reprompt="true"/>
		
		<!--  -->		
		<InputError count="2" targetType="submenu" targetMode="DTMF" targetName="LOAXferType1" 
		                                                     dest="CVSLOAsubcategory:CVSLOA.new;CVSLOADest:$context.cvsProp.TFN_CVSLOA"/>	
	</SubMenu>		

                           <!-- ############################ -->
	   		               <!-- ### Intermittent LOA  ###### -->
	   		               <!-- ############################ -->
	   		               <!-- ############################ -->
    <!--  Entry for Intermittent LOA. This prompt only play once while inside Intermitent LOA -->
    <!-- Defect 170323 -->		   		               	   		               
	<SubMenu name="LOAIntermittentEntryPrompt" mode="DTMF" type="PromptPlay">
	
	   	<Audio   tts="You have reached the Intermittent Hours Reporting Line.">
                 40308.au
    	</Audio> 
		
		<MenuDefault targetType="Submenu"  targetMode="DTMF" 
		             targetName="LOAIntermittentEntry"/>
			
	</SubMenu>
	   		            <!-- ############################ -->
    
 	<SubMenu name="LOAIntermittentEntry" mode="DTMF" type="BusinessLogic" set="lastDayWorkedIECount:0;
 	                                                                           returnToWorkDateIECount:0">
 	
		    <!--  -->	
			<MenuDefault targetType="submenu" targetMode="DTMF" targetName="LOAIntermittentReturnDate"/>
			
	</SubMenu>       	

	   		            <!-- ############################ -->

       <!--  Intermittent LOA Collect Return Date -->
       <SubMenu    name="LOAIntermittentReturnDate" mode="DTMF"> 

           <!--  -->
		   <Audio tts=" Please enter the date of your intermittent absence using two digits for the month, 
		                two digits for the day and four digits for the year.">
				       40309.au
		   </Audio>
		   
		  <Grammar>Date.grxml</Grammar>
		
			<!--   -->
		  <Choice dtmf="@dateCallerEntered" targetType="submenu" 
			      dest="LOAdateEntered:$dateCallerEntered"
			      handler="com.ibm.ivr.cvs.handler.DateValidation"
			      targetName="LOAIntermittentReturnDateCheckRc"/>
		          		          
          <InputError count="1"  targetType="submenu" targetMode="DTMF" targetName="LOAIntermittentReturnDateCheckIECnt"> </InputError>
          <InputError count="2"  targetType="submenu" targetMode="DTMF" targetName="LOAIntermittentReturnDateCheckIECnt"> </InputError>
 
	   </SubMenu>
	   
	   		            <!-- ############################ -->
	
	<SubMenu name="LOAIntermittentReturnDateCheckIECnt" mode="DTMF" type="BusinessLogic" markPosition="false">
	
		<MenuDefault cond="$returnToWorkDateIECount EQ 0"
		             dest="returnToWorkDateIECount:1"
		             targetType="submenu" targetMode="DTMF" 
			         targetName="LOAIntermittentReturnDate"/>
	
		<MenuDefault cond="$returnToWorkDateIECount EQ 1"
		             dest="returnToWorkDateIECount:2"
		             targetType="submenu" targetMode="DTMF" 
			         targetName="LOAIntermittentReturnDate"/>
	
		<MenuDefault targetType="submenu" targetMode="DTMF" targetName="LOAXferType2" 
		                                                     dest="CVSLOAsubcategory:CVSLOA.intermittent;CVSLOADest:$context.cvsProp.TFN_CVSLOA"/>
			         
	</SubMenu>	   		               
	   	   		               
	   		               <!-- ############################ -->
	   		               
	<SubMenu name="LOAIntermittentReturnDateCheckRc" mode="DTMF" type="BusinessLogic">
	
		<MenuDefault cond="$dateEnteredValid EQ true"
		             targetType="submenu" targetMode="DTMF"
		             dest="loaIntermittentReturnDay:$LOAdateEntered" 
			         targetName="LOAIntermittentReturnDateConfirm"/>
			         
	
		<MenuDefault targetType="submenu" targetMode="DTMF" 
			         targetName="LOAIntermittentReturnDateCheckIECnt"/>
			         
	</SubMenu>
	
	   		               <!-- ############################ -->
	   		               
	<SubMenu name="LOAIntermittentReturnDateConfirm" mode="DTMF">

		<Audio tts="You entered.
		            If this is correct, press 1.
                    If this is incorrect, press 2.">
            536.au
			(loaIntermittentReturnDay:MMDDYYYY)
			538.au
			556.au 
		</Audio>	
		
		<Choice dtmf="1" targetType="submenu" targetMode="DTMF" 
		        targetName="LOAIntermittentHoursMinEntry"/>	
		
		<Choice dtmf="2" targetType="submenu" targetMode="DTMF" targetName="LOAIntermittentReturnDateCheckIECnt"/>	
				
		<InputError count="1" reprompt="true"/>
		<InputError count="2" reprompt="true"/>
		
		<!--  -->		
		<InputError count="3" targetType="submenu" targetMode="DTMF" targetName="LOAXferType2" 
		                                                     dest="CVSLOAsubcategory:CVSLOA.intermittent;CVSLOADest:$context.cvsProp.TFN_CVSLOA"/>	
	</SubMenu>		
                           <!-- ############################ -->
	   		               <!-- ### Hours & Minutes   ###### -->
	   		               <!-- ############################ -->
	   		               <!-- ############################ -->
    <!--  Entry for Intermittent LOA. -->
 	<SubMenu name="LOAIntermittentHoursMinEntry" mode="DTMF" type="BusinessLogic" set="hoursMinIECount:0">
 	
		    <!--  -->	
			<MenuDefault targetType="submenu" targetMode="DTMF" targetName="LOAIntermittentHoursMin"/>
			
	</SubMenu>       	

       <!--  Intermittent LOA Collect Return Date -->
       <SubMenu    name="LOAIntermittentHoursMin" mode="DTMF"> 

           <!--  -->
		   <Audio tts="Please enter the number of hours followed by minutes used during your intermittent absence and then press pound.
                       For example, 8 hours would be 8 0 0 pound.  5 ½ hours would be 5 3 0 pound">
				       40310.au
				       40311.au
		   </Audio>
		   
		  <Grammar>hourMin.grxml</Grammar>
		
			<!--   -->
		  <Choice dtmf="@hourMinEntered" targetType="submenu" 
			      dest="LOAhourMinEntered:$hourMinEntered"
			      handler="com.ibm.ivr.cvs.handler.HourMinValidate"
			      targetName="LOAIntermittentHoursMinCheckRc"/>
		          		          
          <InputError count="1"  targetType="submenu" targetMode="DTMF" targetName="LOAIntermittentHoursMinIECnt"> </InputError>
          <InputError count="2"  targetType="submenu" targetMode="DTMF" targetName="LOAIntermittentHoursMinIECnt"> </InputError>
 
	   </SubMenu>
	   
	   		            <!-- ############################ -->
	
	<SubMenu name="LOAIntermittentHoursMinIECnt" mode="DTMF" type="BusinessLogic" markPosition="false">
	
		<MenuDefault cond="$hoursMinIECount EQ 0"
		             dest="hoursMinIECount:1"
		             targetType="submenu" targetMode="DTMF" 
			         targetName="LOAIntermittentHoursMin"/>
	
		<MenuDefault cond="$hoursMinIECount EQ 1"
		             dest="hoursMinIECount:2"
		             targetType="submenu" targetMode="DTMF" 
			         targetName="LOAIntermittentHoursMin"/>
	
		<MenuDefault targetType="submenu" targetMode="DTMF" targetName="LOAXferType2" 
		                                                     dest="CVSLOAsubcategory:CVSLOA.intermittent;CVSLOADest:$context.cvsProp.TFN_CVSLOA"/>
			         
	</SubMenu>	   		               
	   		               <!-- ############################ -->
	   		               
	<SubMenu name="LOAIntermittentHoursMinCheckRc" mode="DTMF" type="BusinessLogic">
	
		<MenuDefault cond="$LOAhourMinEnteredValid EQ true"
		             targetType="submenu" targetMode="DTMF"
			         targetName="LOAIntermittentHoursMinConfirm"/>
			         
	
		<MenuDefault targetType="submenu" targetMode="DTMF" 
			         targetName="LOAIntermittentHoursMinIECnt"/>
			         
	</SubMenu>
		   		               <!-- ############################ -->
	   		               
	<!--  Confirm Store number -->
	<SubMenu name="LOAIntermittentHoursMinConfirm" mode="DTMF">

		   <Audio tts="You entered.">
				       536.au
		   </Audio>

    	<Audio   cond="$loaHourAudio NE NULL"   	         
    	         tts="Number of hours">
                 (loaHours:number)
    	</Audio>    

    	<Audio   cond="$loaHours NE NULL"
    	         tts="Play the hours entered">
                 (loaHourAudio:aufile)
    	</Audio>    

    	<Audio   cond="$loaMinuteAudio NE NULL"
    	         tts="Number of minutes">
                 (loaMinutes:number)
    	</Audio>    

    	<Audio   cond="$loaMinutes NE NULL"
    	         tts="Play minutes ">
                 (loaMinuteAudio:aufile)
    	</Audio>    

		   <Audio tts="If this is correct Press 1.
		               If this is incorrect Press 2.">
				       538.au
				       556.au
		   </Audio>
		   
		<!--  -->   
		<Choice dtmf="1" targetType="submenu" targetMode="DTMF"
				targetName="LOAIntermittentReasonEntry"/> 
				                                          	                               	
		<Choice dtmf="2" targetType="submenu" targetMode="DTMF" 
				targetName="LOAIntermittentHoursMinIECnt"/> 
				
		<InputError count="1" reprompt="true"/>
		<InputError count="2" reprompt="true"/>
		
		<!--  -->		
		<InputError count="3" targetType="submenu" targetMode="DTMF" targetName="LOAXferType2" 
		                                                     dest="CVSLOAsubcategory:CVSLOA.intermittent;CVSLOADest:$context.cvsProp.TFN_CVSLOA"/>	
								
	</SubMenu>
		   		               <!-- ############################ -->
    <!--  Entry for Intermittent LOA. -->
 	<SubMenu name="LOAIntermittentReasonEntry" mode="DTMF" type="BusinessLogic" set="intermittentReasonIECount:0">
 	
		    <!--  -->	
			<MenuDefault targetType="submenu" targetMode="DTMF" targetName="LOAIntermittentReason"/>
			
	</SubMenu>       	
	   		               
	<!--  Confirm Store number -->
	<SubMenu name="LOAIntermittentReason" mode="DTMF" repeat="*">

		   <Audio tts="Please select the reason for your absence.
                       For your own serious health condition, press 1.
                       For the serious health condition of an eligible family member, press 2.
                       For pregnancy or pregnancy-related complications, press 3.
                       To care for your newborn child, adoption of a minor child or placement of a foster child in your home, press 4.
                       For a qualifying exigency based on a spouse, son, daughter or parent has been notified of an impending call to active duty status in support of a contingency operation, press 5.
                       To care for a service member who is recovering from a serious illness or injury sustained in the line of active duty, press 6.
                       To repeat this menu, press the star key.">
                       40316.au
				       40317.au
				       40318.au
				       40319.au
				       40320.au
				       40321.au
				       40322.au
				       754.au
		   </Audio>
		   
		<!--  -->   
		<Choice dtmf="1" targetType="submenu" targetMode="DTMF"
		        dest="intermittentResaon:1;
		              intermittentResaonDesc:For your own serious health condition."
				targetName="LOAIntermittentReasonConfirm"/> 
				                                          	                               	
		<Choice dtmf="2" targetType="submenu" targetMode="DTMF"
		        dest="intermittentResaon:2;
		              intermittentResaonDesc:For the serious health condition of an eligible family member." 
				targetName="LOAIntermittentReasonConfirm"/> 
				                                          	                               	
		<Choice dtmf="3" targetType="submenu" targetMode="DTMF"
		        dest="intermittentResaon:3;
		              intermittentResaonDesc:For pregnancy or pregnancy-related complications." 
				targetName="LOAIntermittentReasonConfirm"/> 
				                                          	                               	
		<Choice dtmf="4" targetType="submenu" targetMode="DTMF" 
		        dest="intermittentResaon:4;
		              intermittentResaonDesc:To care for your newborn child, adoption of a minor child or placement of a foster child in your home."
				targetName="LOAIntermittentReasonConfirm"/> 
				                                          	                               	
		<Choice dtmf="5" targetType="submenu" targetMode="DTMF" 
		        dest="intermittentResaon:5;
		              intermittentResaonDesc:For a qualifying exigency based on a spouse, son, daughter or parent has been notified of an impending call to active duty status in support of a contingency operation."
				targetName="LOAIntermittentReasonConfirm"/> 
				                                          	                               	
		<Choice dtmf="6" targetType="submenu" targetMode="DTMF"
		        dest="intermittentResaon:6;
		              intermittentResaonDesc:To care for a service member who is recovering from a serious illness or injury sustained in the line of active duty." 
				targetName="LOAIntermittentReasonConfirm"/> 
				
          <InputError count="1"  targetType="submenu" targetMode="DTMF" targetName="LOAIntermittentReasonIECnt"> </InputError>
								
	</SubMenu>
	   		            <!-- ############################ -->
	
	<SubMenu name="LOAIntermittentReasonIECnt" mode="DTMF" type="BusinessLogic" markPosition="false">
	
		<MenuDefault cond="$intermittentReasonIECount EQ 0"
		             dest="intermittentReasonIECount:1"
		             targetType="submenu" targetMode="DTMF" 
			         targetName="LOAIntermittentReason"/>
	
		<MenuDefault cond="$intermittentReasonIECount EQ 1"
		             dest="intermittentReasonIECount:2"
		             targetType="submenu" targetMode="DTMF" 
			         targetName="LOAIntermittentReason"/>
	
		<MenuDefault targetType="submenu" targetMode="DTMF" targetName="LOAXferType2" 
		                                                     dest="CVSLOAsubcategory:CVSLOA.intermittent;CVSLOADest:$context.cvsProp.TFN_CVSLOA"/>
			         
	</SubMenu>	   		               

		   		               <!-- ############################ -->
	   		               
	<!--  Confirm Store number -->
	<SubMenu name="LOAIntermittentReasonConfirm" mode="DTMF">

		   <Audio  tts="You have selected.">
		           40248.au
		   </Audio>

		   <Audio  cond="$intermittentResaon EQ 1"
		           tts="For your own serious health condition">
		           40323.au
		   </Audio>

		   <Audio  cond="$intermittentResaon EQ 2"
		           tts="For the serious health condition of an eligible family member">
		           40324.au
		   </Audio>

		   <Audio  cond="$intermittentResaon EQ 3"
		           tts="For pregnancy or pregnancy-related complications">
		           40325.au
		   </Audio>

		   <Audio  cond="$intermittentResaon EQ 4"
		           tts="To care for your newborn child, adoption of a minor child or placement of a foster child in your home">
		           40326.au
		   </Audio>

		   <Audio  cond="$intermittentResaon EQ 5"
		           tts="For a qualifying exigency based on a spouse, son, daughter or parent has been notified of an impending call to active duty status in support of a contingency operation">
		           40327.au
		   </Audio>

		   <Audio  cond="$intermittentResaon EQ 6"
		           tts="To care for a service member who is recovering from a serious illness or injury sustained in the line of active duty
                        as the reason for your intermittent absence.">
		           40328.au
		           40329.au
		   </Audio>

		   <Audio  tts="If this is correct Press 1.
		               If this is incorrect Press 2.">
				       538.au
				       556.au
		   </Audio>
		   
		<!--  -->   
		<Choice dtmf="1" targetType="submenu" targetMode="DTMF"
				targetName="LOAIntermittentReasonReview"/> 
				                                          	                               	
		<Choice dtmf="2" targetType="submenu" targetMode="DTMF"
				targetName="LOAIntermittentReasonIECnt"/> 
				
          <InputError count="1"  targetType="submenu" targetMode="DTMF" targetName="LOAIntermittentReasonConfirmIECnt"> </InputError>
		  <InputError count="2"  targetType="submenu" targetMode="DTMF" targetName="LOAIntermittentReasonConfirmIECnt"> </InputError>						
	</SubMenu>
	   		            <!-- ############################ -->
	
	<SubMenu name="LOAIntermittentReasonConfirmIECnt" mode="DTMF" type="BusinessLogic" markPosition="false">
	
		<MenuDefault cond="$intermittentReasonIECount EQ 0"
		             dest="intermittentReasonIECount:1"
		             targetType="submenu" targetMode="DTMF" 
			         targetName="LOAIntermittentReasonConfirm"/>
	
		<MenuDefault cond="$intermittentReasonIECount EQ 1"
		             dest="intermittentReasonIECount:2"
		             targetType="submenu" targetMode="DTMF" 
			         targetName="LOAIntermittentReasonConfirm"/>
	
		<MenuDefault targetType="submenu" targetMode="DTMF" targetName="LOAXferType2" 
		                                                     dest="CVSLOAsubcategory:CVSLOA.intermittent;CVSLOADest:$context.cvsProp.TFN_CVSLOA"/>
			         
	</SubMenu>	   		               
		   		               <!-- ############################ -->
	   		               
	<!--  Confirm Store number -->
	<SubMenu name="LOAIntermittentReasonReview" mode="DTMF">

		<Audio tts="You entered an intermittent absence of.">
				       40330.au
	    </Audio>

    	<Audio   cond="$loaHourAudio NE NULL"   	         
    	         tts="Number of hours">
                 (loaHours:number)
    	</Audio>    

    	<Audio   cond="$loaHours NE NULL"
    	         tts="Play the hours entered">
                 (loaHourAudio:aufile)
    	</Audio>    

    	<Audio   cond="$loaMinuteAudio NE NULL"
    	         tts="Number of minutes">
                 (loaMinutes:number)
    	</Audio>    

    	<Audio   cond="$loaMinutes NE NULL"
    	         tts="Play minutes ">
                 (loaMinuteAudio:aufile)
    	</Audio>
    	    
		<Audio tts="On">
			   40331.au
		</Audio>
    	    
		<Audio tts="Play the date entered">
				    (loaIntermittentReturnDay:MMDDYYYY)
		</Audio>
   	    
		<Audio tts="Pause 1 second of silence">
				    pause1000.au
		</Audio>

	   <Audio  cond="$intermittentResaon EQ 1"
	           tts="For your own serious health condition">
	           40323.au
	   </Audio>

	   <Audio  cond="$intermittentResaon EQ 2"
	           tts="For the serious health condition of an eligible family member">
	           40324.au
	   </Audio>

	   <Audio  cond="$intermittentResaon EQ 3"
	           tts="For pregnancy or pregnancy-related complications">
	           40325.au
	   </Audio>

	   <Audio  cond="$intermittentResaon EQ 4"
	           tts="To care for your newborn child, adoption of a minor child or placement of a foster child in your home">
	           40326.au
	   </Audio>

	   <Audio  cond="$intermittentResaon EQ 5"
	           tts="For a qualifying exigency based on a spouse, son, daughter or parent has been notified of an impending call to active duty status in support of a contingency operation">
	           40327.au
	   </Audio>

	   <Audio  cond="$intermittentResaon EQ 6"
	           tts="To care for a service member who is recovering from a serious illness or injury sustained in the line of active duty
                       as the reason for your intermittent absence.">
	           40328.au
	           40329.au
	   </Audio>

		<Audio tts="If this is correct Press 1.
		            If this is incorrect Press 2.">
		            538.au
			        556.au
		</Audio>
		   
		<!--  -->   
		<Choice dtmf="1" targetType="submenu" targetMode="DTMF"
				dest="loaCmd:Intermittent"
	            handler="com.ibm.ivr.cvs.handler.LOA"  		             		
				targetName="LOAIntermittentReasonReviewCheckRc"/> 
				                                          	                               	
		<Choice dtmf="2" targetType="submenu" targetMode="DTMF" 
				targetName="LOAIntermittentEntry"/> 
				
		<InputError count="1" reprompt="true"/>
		<InputError count="2" reprompt="true"/>
		
		<!--  -->		
		<InputError count="3" targetType="submenu" targetMode="DTMF" targetName="LOAXferType2" 
		                                                     dest="CVSLOAsubcategory:CVSLOA.intermittent;CVSLOADest:$context.cvsProp.TFN_CVSLOA"/>	
								
	</SubMenu>

	   		               <!-- ############################ -->
	   		               
	<SubMenu name="LOAIntermittentReasonReviewCheckRc" mode="DTMF" type="BusinessLogic">
	   		              
        <Email cond="$hRC EQ C, $context.emailAlerts.dbConnectionFailed EQ NULL" 
                                    subject="DB connection Failured" alert="dbConnectionFailed"/>
				
		<MenuDefault cond="$hRC EQ S"
		             targetType="submenu" targetMode="DTMF"
			         targetName="LOAIntermittentIsThereMore"/>
			         
		<MenuDefault targetType="submenu" targetMode="DTMF" targetName="LOAXferType2" 
		                                                     dest="CVSLOAsubcategory:CVSLOA.intermittent;CVSLOADest:$context.cvsProp.TFN_CVSLOA"/>
			         
	</SubMenu>
		   		               <!-- ############################ -->
	   		               
	<!--  Confirm Store number -->
	<SubMenu name="LOAIntermittentIsThereMore" mode="DTMF">

		   <Audio tts="Your hours for intermittent leave have been reported.
                       The LOA Team will review your information and notify your supervisor once a determination is made.
                       To report additional intermittent hours, press 1.  If you’ve reported all your hours, press 2.">
				       40332.au
				       40333.au
				       40334.au
		   </Audio>
		   
		<!--  -->   
		<Choice dtmf="1" targetType="submenu" targetMode="DTMF"
				targetName="LOAIntermittentEntry"/> 
				                                          	                               	
		<Choice dtmf="2" targetType="submenu" targetMode="DTMF" 
				targetName="LOAIntermittentEndCall"/> 
				
		<InputError count="1" reprompt="true"/>
		
		<!--  -->		
		<InputError count="2" targetType="submenu" targetMode="DTMF" targetName="LOAXferType2" 
		                                                     dest="CVSLOAsubcategory:CVSLOA.intermittent;CVSLOADest:$context.cvsProp.TFN_CVSLOA"/>	
								
	</SubMenu>
	   		               <!-- ############################ -->

	   		               <!-- ############################ -->
	   		               
 		            <!-- ############################ -->
		            <!-- ############################ -->
		            <!-- ############################ -->
		            <!-- #### END Intermittent CALL # -->
		            <!-- ############################ -->
		            <!-- ############################ -->

	  <SubMenu    name="LOAIntermittentEndCall" mode="DTMF"  type="PromptPlay" endCall="true"> 
    	<Audio   tts="Thank you for calling the Intermittent Hours Reporting Line">
                 40335.au
    	</Audio>    
	  </SubMenu>		
	   		               
 		            <!-- ############################ -->
		            <!-- ############################ -->
		            <!-- ############################ -->
		            <!-- ####   END THE CALL     #### -->
		            <!-- ############################ -->
		            <!-- ############################ -->

	  <SubMenu    name="LOAEndCall" mode="DTMF"  type="PromptPlay" endCall="true"> 
    	<Audio   tts="Thank You, Good Bye">
                 9994.au
                 9995.au
    	</Audio>    
	  </SubMenu>		
 		            <!-- ############################ -->
		            <!-- ############################ -->
		            <!-- ############################ -->
		            <!-- #### END THE CALL Quiet #### -->
		            <!-- ############################ -->
		            <!-- ############################ -->

	  <SubMenu    name="LOAEndCallQuiet" mode="DTMF"  type="PromptPlay" endCall="true">
	      	<Audio   tts="100 ms silence">
                 pause0100.au
    	</Audio>    
	   
	  </SubMenu>		
 		            <!-- ############################ -->
		            <!-- ############################ -->
		            <!-- ############################ -->
		            <!-- ####    XFER Type 1     #### -->
		            <!-- ############################ -->
		            <!-- ############################ -->
	   		               
	<SubMenu name="LOAXferType1" mode="DTMF"  type="PromptPlay">
	   		              
	    <Audio   tts="Your call is being transferred to an agent.
	                  Your call may be monitored for quality asurance.">
                 9834.au
                 39999.au
    	</Audio>    
			         
		<MenuDefault targetType="Agent" targetMode="DTMF" targetName="$CVSLOAsubcategory" dest="$CVSLOADest"/>
			         
	</SubMenu>
 		            <!-- ############################ -->
		            <!-- ############################ -->
		            <!-- ############################ -->
		            <!-- ####    XFER Type 2     #### -->
		            <!-- ############################ -->
		            <!-- ############################ -->
	   		               
	<SubMenu name="LOAXferType2" mode="DTMF"  type="PromptPlay">
	   		              
	    <Audio   tts="We are having difficulty completing your call.
	                  Your call is being transferred to an agent.
	                  Your call may be monitored for quality asurance.">
	             40560.au
                 9834.au
                 39999.au
    	</Audio>    
			         
		<MenuDefault targetType="Agent" targetMode="DTMF" targetName="$CVSLOAsubcategory" dest="$CVSLOADest"/>
			         
	</SubMenu>
												
</CallRouting>