<?xml version="1.0" encoding="UTF-8"?>
<CallRouting name="CertificationApp" releaseVersion="1.0" fileVersion="$Revision: 1.1 $"
	audioDir="hres_cert" start="ShrinkMessages" startMode="DTMF" 
	common="CVScommon.xml, SSNValidate.xml, DEA.xml"
	xmlns="http://ibm.com/ivr/framework/model"
	xmlns:xsi="http://www.w3.org/2001/XMLSchema-instance" 
	xsi:schemaLocation="http://ibm.com/ivr/framework/model IVRFramework.xsd">

	<IntroAudio
		tts="Welcome to the CVS Certification line.">
		8017.au
	</IntroAudio>
	
	<Operator>CVS_IVR</Operator>
 
 	<!-- ======================================================================================== -->
	<!--  Global event handlers.                                                                  -->
	<!--  Based on E-Mail from VM the caller will hear a re-prompt twice then the call will end.  -->
	<!--                                                                                          -->
	<!-- ======================================================================================== -->
 
	<EventHandlers>
         <InputError count="1" reprompt="true">
         </InputError>
         
         <InputError count="2" reprompt="true">
         </InputError>

         <InputError count="3" targetType="submenu" targetName="ShrinkInvalidResponse">
         </InputError>
                          
    </EventHandlers>  
    
	<!-- ===================================================================================================== -->
	<!--  May need to add audio to play message of the day.                                                    -->
	<!-- ===================================================================================================== -->
		
	<SubMenu name="ShrinkMessages" mode="DTMF" type="PromptPlay"  set="attachedData.Skill:ALL; attachedData.CallerVerified:0; attachedData.EmployeeID:SPACECHAR">
	
	   	<Audio   cond="$context.certificationProp.OldDnis.1 EQ $DNIS"
    	         tts="Please listen to this important message. The CVS 
                      Certification Line's phone number is in the process of changing. The new 
                      phone number is 1-800-287-1566. Please make note of this new number 
                      for all future calls to the CVS Certification Line.">
                 8652.au
    	</Audio> 

	
	   	<Audio   cond="$context.certificationProp.OldDnis.2 EQ $DNIS"
    	         tts="Please listen to this important message. The CVS 
                      Certification Line's phone number is in the process of changing. The new 
                      phone number is 1-800-287-1566. Please make note of this new number 
                      for all future calls to the CVS Certification Line.">
                 8652.au
    	</Audio> 

	
	   	<Audio   cond="$context.certificationProp.OldDnis.3 EQ $DNIS"
    	         tts="Please listen to this important message. The CVS 
                      Certification Line's phone number is in the process of changing. The new 
                      phone number is 1-800-287-1566. Please make note of this new number 
                      for all future calls to the CVS Certification Line.">
                 8652.au
    	</Audio> 
		
		<MenuDefault targetType="Submenu" targetName="CertificationMainMenu"/>
			
	</SubMenu>

	   		               <!-- ############################ -->
	   		               
	<!--  Main Menu -->
	<SubMenu name="CertificationMainMenu" mode="DTMF">

		<Audio tts="For CVS Shrink Reduction certification, press 1.  
		            For social security number validation for dependents, Medicare and Medicaid, press 2.
		            For DEA Controlled Drug Loss Procedures Certification, press 3.">
			40000.au 
		</Audio>
		
		<Choice dtmf="1" targetType="submenu" targetMode="DTMF" targetName="ShrinkLangMenu"/>	
		
		<Choice dtmf="2" targetType="submenu" targetMode="DTMF" targetName="SSNValEntryPoint"/>	
				
		<Choice dtmf="3" targetType="submenu" targetMode="DTMF" 
		        targetName="DEAEntryPoint"/>	

         <InputError count="1" reprompt="true">
         </InputError>
         
         <InputError count="2" reprompt="true">
         </InputError>

         <InputError count="3" targetType="submenu" targetName="CertificationMainMenuInvalidResponse">
         </InputError>
								
	</SubMenu>
		   		               <!-- ############################ -->

	<!--  Shrink Language Menu -->
	<SubMenu name="ShrinkLangMenu" mode="DTMF" set="storeNumIECount:0">

		<Audio tts="For English, press 1.
                    Para Espanol, marque el dos.">
			729.au
			8022.au
		</Audio>
		
		<!--  MIRT Test Change Saving   IdentifyEmployee  -->
		<Choice dtmf="1" targetType="submenu" dest="identifyNextSubMenu:ShrinkEmpFound;identifyFailedSubMenu:ShrinkEmpFound" targetMode="DTMF" targetName="IdentifyEmployee"/>	
		
		<Choice dtmf="2" targetType="submenu" dest="LANG:es_ES;identifyNextSubMenu:ShrinkEmpFound;identifyFailedSubMenu:ShrinkEmpFound" targetMode="DTMF" targetName="IdentifyEmployee"/>	
												
	</SubMenu>
		   		               <!-- ############################ -->

    <!--  If caller found then collect store number.  If not found then end call. -->
 	<SubMenu name="ShrinkEmpFound" mode="DTMF" type="BusinessLogic">
 	
 			<MenuDefault cond="$employee NE NULL" 
				         targetType="submenu" targetMode="DTMF" targetName="ShrinkGetStoreNum" />
				
			<MenuDefault targetType="submenu" targetMode="DTMF" targetName="ShrinkEndCall"/>
	</SubMenu>       	
	 
		   		               <!-- ############################ -->
	   		               
       <SubMenu name="ShrinkGetStoreNum" mode="DTMF" clearDTMFBuffer="true"> 

           <!--  -->
		   <Audio tts="Please enter your store number followed by the pound key">
				       10084.au
		   </Audio>
		   
		  <Grammar>storeNumber.grxml</Grammar>
		
			<!--   -->
		  <Choice dtmf="@storeNumber" targetType="submenu" 
			      dest="storeNumberEntered:$storeNumber"
			      targetName="ShrinkStoreNumConfirm"/>
	   </SubMenu>
	   
		   		               <!-- ############################ -->
	   		               
	<!--  Confirm Store number -->
	<SubMenu name="ShrinkStoreNumConfirm" mode="DTMF">

		   <Audio tts="You entered Store Number
		               Press 1 for yes.
		               Press 2 for no.">
				       536.au
				       (storeNumberEntered:digits)
				       538.au
				       556.au
		   </Audio>
		   
		<!--  -->   
		<Choice dtmf="1" targetType="submenu" targetMode="DTMF"
				targetName="ShrinkGetQuizNum"/> 
				                                          	                               	
		<Choice dtmf="2" targetType="submenu" targetMode="DTMF" 
				targetName="ShrinkStoreNumIECnt"/> 
				
          <InputError count="1"  targetType="submenu" targetMode="DTMF" targetName="ShrinkStoreNumIECnt"> </InputError>
          <InputError count="2"  targetType="submenu" targetMode="DTMF" targetName="ShrinkStoreNumIECnt"> </InputError>
								
	</SubMenu>
	   		            <!-- ############################ -->
	
	<SubMenu name="ShrinkStoreNumIECnt" mode="DTMF" type="BusinessLogic" markPosition="false">
	
		<MenuDefault cond="$storeNumIECount EQ 0"
		             dest="storeNumIECount:1"
		             targetType="submenu" targetMode="DTMF" 
			         targetName="ShrinkGetStoreNum"/>
	
		<MenuDefault cond="$storeNumIECount EQ 1"
		             dest="storeNumIECount:2"
		             targetType="submenu" targetMode="DTMF" 
			         targetName="ShrinkGetStoreNum"/>
	
		<MenuDefault targetType="submenu" targetMode="DTMF" targetName="ShrinkInvalidResponse"/>
    </SubMenu>
		   		               <!-- ############################ -->
	   		               
       <SubMenu name="ShrinkGetQuizNum" mode="DTMF" clearDTMFBuffer="true"> 

           <!--  -->
		   <Audio tts="Please enter the Quiz ID number located on the top right hand 
		               corner of the Quiz, followed by the pound key">
				       10593.au
		   </Audio>
		   
		  <Grammar>quizNumber.grxml</Grammar>
		
			<!--   -->
		  <Choice dtmf="@quizNumber" targetType="submenu" 
			      dest="quizNumberEntered:$quizNumber;
			            certCmd:getStatus"
			      handler="com.ibm.ivr.cvs.handler.GetShrinkQuizStatus"			      
			      targetName="ShrinkStatusResult"/> 
	   </SubMenu>
	   
		   		               <!-- ############################ -->
	   		               
    <!--  If caller found then collect store number.  If not found then end call. -->
 	<SubMenu name="ShrinkStatusResult" mode="DTMF" type="BusinessLogic">
 	   		              
           <Email cond="$hRC EQ C, $context.emailAlerts.dbConnectionFailed EQ NULL" 
                                    subject="DB connection Failured" alert="dbConnectionFailed"/>
 	
 			<MenuDefault cond="$hRC NE S" 
				         targetType="submenu" targetMode="DTMF" targetName="ShrinkCallEndDBFailed" />
				         
			<MenuDefault cond="$employee.shrinkQuizCompleted EQ Y" 
				         targetType="submenu" targetMode="DTMF" targetName="ShrinkAlreadyComplete" />
				         				
			<MenuDefault targetType="submenu" targetMode="DTMF" 
					     handler="com.ibm.ivr.cvs.handler.GetShrinkQuizStatus" 
		                 dest="certCmd:getQuestions;
		                       questionNumberToAnnounce:1;
		                       quizResult:Y" 			
			             targetName="ShrinkQandAEntry"/>
	</SubMenu>       	

		   		               <!-- ############################ -->
		   		               
	<!-- Defect 170313  -->
	<SubMenu name="ShrinkAlreadyComplete" mode="DTMF">

		<Audio tts="Our records indicate you have already successfully completed this quiz.
                    If you would like to complete another quiz, press 1.">
			8004.au
			10598.au
		</Audio>
		
		<Choice dtmf="1" targetType="submenu" targetMode="DTMF" targetName="ShrinkGetQuizNum"/>	
				
         <InputError count="1" reprompt="true">
         </InputError>
         
         <InputError count="2" targetType="submenu" targetName="ShrinkCertCallEnd">
         </InputError>

	</SubMenu>
	   
		   		               <!-- ############################ -->
		   		               	   		               
	<SubMenu name="ShrinkQuizIntro" mode="DTMF" type="PromptPlay">
	
	   	<Audio   tts="Now you will be asked to key in the answer you chose for each question 
	   	              by entering the corresponding number on your touchtone phone.">
                 10594.au
    	</Audio> 
		
		<MenuDefault targetType="Submenu"
		             targetMode="DTMF" 
		             targetName="ShrinkQuizEntry"/>
			
	</SubMenu>
		   		               <!-- ############################ -->
	   		               	   		               
    <!--  If caller found then collect store number.  If not found then end call. -->
    <!--  S = Ask the Question -->
    <!--  D = Done with Questions -->
    <!--  E = Error with Questions -->
 	<SubMenu name="ShrinkQandAEntry" mode="DTMF" type="BusinessLogic">

			<MenuDefault cond="$hRC EQ E" 
			             targetType="submenu" targetMode="DTMF" targetName="ShrinkQuizIssueFailed" />
 	 	
 			<MenuDefault cond="$askQ EQ S" 
				         targetType="submenu" targetMode="DTMF" 
				         targetName="ShrinkQuizIntro" />
				         
			<MenuDefault cond="$askQ EQ D" 
				         targetType="submenu" targetMode="DTMF"
				         targetName="ShrinkCheckResults" />
				         
			<MenuDefault targetType="submenu" targetMode="DTMF" targetName="ShrinkQuizIssueFailed" />
				
	</SubMenu>
	
		   		               <!-- ############################ -->
	   		               	   		               
    <!--  If caller found then collect store number.  If not found then end call. -->
    <!--  S = Ask the Question -->
    <!--  D = Done with Questions -->
    <!--  E = Error with Questions -->
 	<SubMenu name="ShrinkQandA" mode="DTMF" type="BusinessLogic">

			<MenuDefault cond="$hRC EQ E" 
			             targetType="submenu" targetMode="DTMF" targetName="ShrinkQuizIssueFailed" />
 	 	
 			<MenuDefault cond="$askQ EQ S" 
				         targetType="submenu" targetMode="DTMF" 
				         targetName="ShrinkQuizEntry" />
				         
			<MenuDefault cond="$askQ EQ D" 
				         targetType="submenu" targetMode="DTMF"
				         targetName="ShrinkCheckResults" />
				         
			<MenuDefault targetType="submenu" targetMode="DTMF" targetName="ShrinkQuizIssueFailed" />
				
	</SubMenu>
	       	
		   		               <!-- ############################ -->
		   		               
 	<SubMenu name="ShrinkQuizEntry" mode="DTMF" type="BusinessLogic">

			<MenuDefault targetType="submenu" targetMode="DTMF" targetName="ShrinkAskForAnswer" />
				
	</SubMenu>
	
		   		               <!-- ############################ -->
		   		               
	<!--   -->
	<SubMenu name="ShrinkAskForAnswer" mode="DTMF" set="certCmd:checkAnswer">

		<Audio  tts="Question Number.
		             
                     Please enter the answer now.">
			10575.au
			(questionNumberToAnnounce:digits)
			10583.au
		</Audio>
		
		<Choice cond="$maxAnswers GE 1"
		        dtmf="1" targetType="submenu" targetMode="DTMF" 
		        handler="com.ibm.ivr.cvs.handler.GetShrinkQuizStatus" 
		        dest="answerSupplied:1" 
		        targetName="ShrinkQandA"/>
		
		<Choice cond="$maxAnswers GE 2"
		        dtmf="2" targetType="submenu" targetMode="DTMF" 
		        handler="com.ibm.ivr.cvs.handler.GetShrinkQuizStatus" 
		        dest="answerSupplied:2" 
		        targetName="ShrinkQandA"/>
		
		<Choice cond="$maxAnswers GE 3"
		        dtmf="3" targetType="submenu" targetMode="DTMF" 
		        handler="com.ibm.ivr.cvs.handler.GetShrinkQuizStatus" 
		        dest="answerSupplied:3" 
		        targetName="ShrinkQandA"/>
		
		<Choice cond="$maxAnswers GE 4"
		        dtmf="4" targetType="submenu" targetMode="DTMF" 
		        handler="com.ibm.ivr.cvs.handler.GetShrinkQuizStatus" 
		        dest="answerSupplied:4" 
		        targetName="ShrinkQandA"/>
		
		<Choice cond="$maxAnswers GE 5"
		        dtmf="5" targetType="submenu" targetMode="DTMF" 
		        handler="com.ibm.ivr.cvs.handler.GetShrinkQuizStatus" 
		        dest="answerSupplied:5" 
		        targetName="ShrinkQandA"/>
		
		<Choice cond="$maxAnswers GE 6"
		        dtmf="6" targetType="submenu" targetMode="DTMF" 
		        handler="com.ibm.ivr.cvs.handler.GetShrinkQuizStatus" 
		        dest="answerSupplied:6" 
		        targetName="ShrinkQandA"/>
		
		<Choice cond="$maxAnswers GE 7"
		        dtmf="7" targetType="submenu" targetMode="DTMF" 
		        handler="com.ibm.ivr.cvs.handler.GetShrinkQuizStatus" 
		        dest="answerSupplied:7" 
		        targetName="ShrinkQandA"/>
		
		<Choice cond="$maxAnswers GE 8"
		        dtmf="8" targetType="submenu" targetMode="DTMF" 
		        handler="com.ibm.ivr.cvs.handler.GetShrinkQuizStatus" 
		        dest="answerSupplied:8" 
		        targetName="ShrinkQandA"/>
		
		<Choice cond="$maxAnswers GE 9"
		        dtmf="9" targetType="submenu" targetMode="DTMF" 
		        handler="com.ibm.ivr.cvs.handler.GetShrinkQuizStatus" 
		        dest="answerSupplied:9" 
		        targetName="ShrinkQandA"/>														
	</SubMenu>
	
		   		               <!-- ############################ -->

 	<SubMenu name="ShrinkCheckResults" mode="DTMF" type="BusinessLogic">

			<MenuDefault cond="$quizResult EQ Y" 
			             targetType="submenu" targetMode="DTMF" 
     		             handler="com.ibm.ivr.cvs.handler.GetShrinkQuizStatus" 
		                 dest="certCmd:updateStatus;
		                       ShrinkNextMenu:ShrinkQuizPassed" 
			             targetName="ShrinkUpdateResult" />
 	 	
 			<MenuDefault cond="$quizResult EQ N" 
				         targetType="submenu" targetMode="DTMF"
     		             handler="com.ibm.ivr.cvs.handler.GetShrinkQuizStatus" 
		                 dest="certCmd:updateStatus;
		                       ShrinkNextMenu:ShrinkQuizNotPassedMsg" 
				         targetName="ShrinkUpdateResult" />
				         				         
			<MenuDefault targetType="submenu" targetMode="DTMF" targetName="ShrinkQuizIssueFailed" />
				
	</SubMenu>
		   		               <!-- ############################ -->
		   		               
 	<SubMenu name="ShrinkUpdateResult" mode="DTMF" type="BusinessLogic">
	   		              
        <Email cond="$hRC EQ C, $context.emailAlerts.dbConnectionFailed EQ NULL" 
                                    subject="DB connection Failured" alert="dbConnectionFailed"/>

			<MenuDefault cond="$hRC EQ S" 
			             targetType="submenu" targetMode="DTMF" targetName="$ShrinkNextMenu" />
				         
			<MenuDefault targetType="submenu" targetMode="DTMF" targetName="ShrinkCallEndDBFailed" />
				
	</SubMenu>
		   		               
		   		               <!-- ############################ -->
		   		              
	       	
	<SubMenu name="ShrinkQuizNotPassedMsg" mode="DTMF" type="PromptPlay">
	
	   	<Audio   tts="You have incorrectly answered one or more questions and cannot be certified at this time.">
                 10599.au
    	</Audio> 

       <MenuDefault targetType="Submenu" targetName="ShrinkQuizNotPassed"/>
       				
	</SubMenu>

		   		               <!-- ############################ -->
	       	
	<SubMenu name="ShrinkQuizNotPassed" mode="DTMF">
	
	   	<Audio   tts="If you would like to take this quiz again, press 1.
                      If you would like to try again later, press 2.">
	   	         8003.au
                 10579.au
    	</Audio> 

		<!--  -->   
		<Choice dtmf="1" targetType="submenu" targetMode="DTMF"
		        dest="questionNumberToAnnounce:1;
		              quizResult:Y"
				targetName="ShrinkQuizEntry"/> 
				                                          	                               	
		<Choice dtmf="2" targetType="submenu" targetMode="DTMF" 
				targetName="ShrinkCertCallEnd"/> 
       				
	</SubMenu>
	
		   		               <!-- ############################ -->
	       	
	<SubMenu name="ShrinkQuizPassed" mode="DTMF" type="PromptPlay">
	
	   	<Audio   tts="Congratulations you passed.  Corporate Blah Blah Blah Blah Blah Blah">
                 10595.au
                 40362.au
                 40363.au
                 40364.au
                 40365.au
    	</Audio> 
		
		<MenuDefault targetType="Submenu" targetName="ShrinkQuizSuccessWhatNext"/>
			
	</SubMenu>
	
		   		               <!-- ############################ -->
	
	<!-- Defect 170313 -->       	
	<SubMenu name="ShrinkQuizSuccessWhatNext" mode="DTMF">
	
	   	<Audio   tts=" If you would like to complete another quiz, press 1.">
                 10598.au
    	</Audio> 

		<!--  -->   
		<Choice dtmf="1" targetType="submenu" targetMode="DTMF"
				targetName="ShrinkGetQuizNum"/>
				
         <InputError count="1" reprompt="true">
         </InputError>
         
         <InputError count="2" targetType="submenu" targetName="ShrinkCertCallEnd">
         </InputError>
				 				                                          	                                    				
	</SubMenu>

 		            <!-- ############################ -->
		            <!-- ############################ -->
		            <!-- ############################ -->
		            <!-- ####   END THE CALL     #### -->
		            <!-- ############################ -->
		            <!-- ############################ -->

	  <SubMenu    name="ShrinkCertCallEnd" mode="DTMF"  type="PromptPlay" endCall="true"> 
    	<Audio   tts="Thank You for calling, Good Bye">
                 9994.au
                 9995.au
    	</Audio>    
	  </SubMenu>		
		   		               <!-- ############################ -->

	  <SubMenu    name="ShrinkEndCall" mode="DTMF"  type="PromptPlay" endCall="true"> 
    	<Audio   tts="Thank you for calling.
	   	              Goodbye.">
                 9994.au
                 9995.au
    	</Audio>    
  </SubMenu>		

 		            <!-- ############################ -->
		            <!-- ############################ -->
		            <!-- ############################ -->
		            <!-- #### Tech Diff End Call #### -->
		            <!-- ############################ -->
		            <!-- ############################ -->

  		            <!-- ############################ -->

	  <SubMenu    name="ShrinkInvalidResponse" mode="DTMF"  type="PromptPlay" endCall="true"> 
    	<Audio   tts="We are having technical difficulties.  Try your call again later.
    	              Thank You for calling, Good Bye">
    	         40560.au
                 9997.au
                 9994.au
                 9995.au
    	</Audio>    
	  </SubMenu>
  		            <!-- ############################ -->

	  <SubMenu    name="CertificationMainMenuInvalidResponse" mode="DTMF"  type="PromptPlay" endCall="true"> 
    	<Audio   tts="We are having technical difficulties.  Try your call again later.
    	              Thank You for calling, Good Bye">
    	         40560.au
                 9997.au
                 9994.au
                 9995.au
    	</Audio>    
	  </SubMenu>
	  
		   		               <!-- ############################ -->
		   		               	       	
	<SubMenu name="ShrinkCallEndDBFailed" mode="DTMF" type="PromptPlay" endCall="true">
	
	   	<Audio   tts="We are having difficulty completing your call.
	   	              Please try again later.
	   	              Goodbye.">
                 40560.au
                 9997.au
                 9994.au
                 9995.au
    	</Audio> 
	</SubMenu>
		   		               <!-- ############################ -->
		   		               	       	
	<SubMenu name="ShrinkQuizIssueFailed" mode="DTMF" type="PromptPlay" endCall="true">
	
	   	<Audio   tts="We are having difficulty completing your call.
	   	              Please try again later.
	   	              Goodbye.">
                 40560.au
                 9997.au
                 9994.au
                 9995.au
    	</Audio> 
	</SubMenu>
		   		               
</CallRouting>