<?xml version="1.0" encoding="UTF-8"?>
<CallRouting name="SSNValidate" releaseVersion="1.0" fileVersion="$Revision: 1.1 $"
	audioDir="" start="" startMode="" 
	xmlns="http://ibm.com/ivr/framework/model"
	xmlns:xsi="http://www.w3.org/2001/XMLSchema-instance" 
	xsi:schemaLocation="http://ibm.com/ivr/framework/model IVRFramework.xsd">
	
    <Operator/>
         
		   		               <!-- ############################ -->
	<!--  -->	   		               
 	<SubMenu name="SSNValEntryPoint" mode="DTMF" type="BusinessLogic" set="appExitReason:SSNValidation;
 	                                                                       SSNValInitialPrompt:true;
 	                                                                       depSSNidIECount:0;
 	                                                                       depSSNnoIECnt:0;
 	                                                                       depSSNyesIECnt:0">

            <!-- If todays date is within the date range that SSN validation application is available -->
			<MenuDefault cond="$TODAY DateGE $context.certificationProp.SSNValidateOpenFrom, 
			                                   $TODAY DateLE $context.certificationProp.SSNValidateOpenTo" 
			             targetType="submenu" targetMode="DTMF" targetName="SSNValOpen" />
				         
			<MenuDefault targetType="submenu" targetMode="DTMF" targetName="SSNValClosed" />
				
	</SubMenu>
	
		   		               <!-- ############################ -->
	<!--  -->       	
	<SubMenu name="SSNValClosed" mode="DTMF" type="PromptPlay" endCall="true">
	
	   	<Audio   tts="You have reached the CVS Social Security Number Validation Line. 
                      The validation period for this initiative is not currently open.
                      Thank you for calling the CVS Social Security Validation Line.
                      GoodBye.">
                 40277.au                
                 10539.au
                 40282.au
                 9995.au
    	</Audio> 
			
	</SubMenu>
	
		   		               <!-- ############################ -->
	<!--  -->       	
	<SubMenu name="SSNValOpen" mode="DTMF" type="PromptPlay">
	
	   	<Audio   tts="You have reached the CVS Social Security Number Validation Line. 
                      If you have questions regarding Social Security Number Validation, 
                      please call HR Services at 1-866-528-7272.">
                 40277.au                
                 40279.au
    	</Audio> 
		
		<!--   -->
		<MenuDefault targetType="Submenu"
		             dest="identifyNextSubMenu:SSNValEmpFound" 
		             targetName="IdentifyEmployee"/>
			
	</SubMenu>
		   		               <!-- ############################ -->

    <!--  If caller found then collect store number.  If not found then end call. -->
 	<SubMenu name="SSNValEmpFound" mode="DTMF" type="BusinessLogic">
 	
 			<MenuDefault cond="$employee NE NULL" 
				         targetType="submenu" targetMode="DTMF" targetName="SSNValIdentifier" />
				
			<MenuDefault targetType="submenu" targetMode="DTMF" dest="appExitReason:SSNValidate; attachedData.Skill:ALL" targetName="PrepareForTransferToIBMCert"/>
	</SubMenu>  
	     	
		   		               <!-- ############################ -->
	   		               
       <SubMenu name="SSNValIdentifier" mode="DTMF" clearDTMFBuffer="true"> 

           <!-- If entering from the Main Menu -->
		   <Audio cond="$SSNValInitialPrompt EQ true"
		          tts="To update the social security number of your dependent or dependents, 
		               please enter the 2 digit identifier as shown on your letter. ">
				  40280.au
		   </Audio>
           <!-- If entering after updating a dependent and now want to update another dependent -->
		   <Audio cond="$SSNValInitialPrompt EQ false"
		          tts="Please enter the 2 digit identifier as shown on your letter. ">
				  40285.au
		   </Audio>
		   
		  <Grammar>identifier.grxml</Grammar>
		
			<!--   -->
		  <Choice dtmf="@identifier" targetType="submenu" 
			      dest="identifierEntered:$identifier"
			      targetName="SSNValIdentifierConfirm"/>
			      
         <InputError count="1" targetType="submenu" targetMode="DTMF" targetName="depSSNidIECnt">
         </InputError>
         
         <InputError count="2" targetType="submenu" targetMode="DTMF" targetName="depSSNidIECnt">
         </InputError>

         <InputError count="3" targetType="submenu" dest="appExitReason:SSNValidate; attachedData.Skill:ALL" targetName="PrepareForTransferToIBMCert">
         </InputError>
         
	   </SubMenu>
	   
		   		               <!-- ############################ -->
	   		               
	<!--   -->
	<SubMenu name="SSNValIdentifierConfirm" mode="DTMF">

		   <Audio tts="You entered.
		               Press 1 for yes.
		               Press 2 for no.
		               Press 3 to return to the Main Menu.
		               Press 4 to end this call.">
				       536.au
				       (identifierEntered:digits)
				       538.au
				       556.au
				       843.au
				       40224.au
		   </Audio>
		   
		<!--  -->   
		<Choice dtmf="1" targetType="submenu" targetMode="DTMF"
				targetName="SSNValDependent"/> 
				                                          	                               	
		<Choice dtmf="2" targetType="submenu" targetMode="DTMF" 
				targetName="depSSNidIECnt"/> 
				
		<Choice dtmf="3" targetType="submenu" targetMode="DTMF"
				targetName="SSNValMainMenu"/> 
				                                          	                               	
		<Choice dtmf="4" targetType="submenu" targetMode="DTMF"
		        dest="SSNValPlayWarning:true"
				targetName="SSNValGoodBye"/> 
			      
         <InputError count="1" reprompt="true">
         </InputError>
         
         <InputError count="2" reprompt="true">
         </InputError>

         <InputError count="3" targetType="submenu" dest="appExitReason:SSNValidate; attachedData.Skill:ALL" targetName="PrepareForTransferToIBMCert">
         </InputError>
								
	</SubMenu>
	   		            <!-- ############################ -->
	
	<SubMenu name="depSSNidIECnt" mode="DTMF" type="BusinessLogic" markPosition="false">
	
		<MenuDefault cond="$depSSNidIECount EQ 0"
		             dest="depSSNidIECount:1"
		             targetType="submenu" targetMode="DTMF" 
			         targetName="SSNValIdentifier"/>
	
		<MenuDefault cond="$depSSNidIECount EQ 1"
		             dest="depSSNidIECount:2"
		             targetType="submenu" targetMode="DTMF" 
			         targetName="SSNValIdentifier"/>
	
		<MenuDefault targetType="submenu" targetMode="DTMF" targetName="PrepareForTransferToIBMCert" 
			                                                dest="appExitReason:SSNValidate; attachedData.Skill:ALL"/>			
    </SubMenu>
	
		   		               <!-- ############################ -->
	   		               
	<!--   -->
	<SubMenu name="SSNValDependent" mode="DTMF">

		   <Audio tts="If you know the social security number of this dependent and would like to record it now, press 1.
		               This dependent does have a social security number but I am declining to provide it at this time, press 2
		               If at this time, this dependent does not have a social security number, press 3.
		               To return to the main menu, press 4
		               To end this call, press 5.">
				       40337.au
				       40338.au
				       40339.au
				       844.au
				       40225.au
		   </Audio>
		   
		<!--  -->   
		<Choice dtmf="1" targetType="submenu" targetMode="DTMF"
		        dest="ssn_option:1"
				targetName="SSNValCollectDepSSN"/> 
				                                          	                               	
		<Choice dtmf="2" targetType="submenu" targetMode="DTMF"
		        dest="ssn_option:2"
				targetName="SSNValNoSSN"/> 
				
		<Choice dtmf="3" targetType="submenu" targetMode="DTMF"
		        dest="ssn_option:3"
				targetName="SSNValNoSSN"/> 
				                                          	                               	
		<Choice dtmf="4" targetType="submenu" targetMode="DTMF" 
				targetName="SSNValMainMenu"/> 
				                                          	                               	
		<Choice dtmf="5" targetType="submenu" targetMode="DTMF"
		        dest="SSNValPlayWarning:true" 
				targetName="SSNValGoodBye"/> 
			      
         <InputError count="1" targetType="submenu" targetMode="DTMF" targetName="depSSNnoIECnt">
         </InputError>
         
         <InputError count="2" targetType="submenu" targetMode="DTMF" targetName="depSSNnoIECnt">
         </InputError>

         <InputError count="3" targetType="submenu" dest="appExitReason:SSNValidate; attachedData.Skill:ALL" targetName="PrepareForTransferToIBMCert">
         </InputError>
								
	</SubMenu>
	
		   		               <!-- ############################ -->	
	   		               
	<!--   -->
	<SubMenu name="SSNValNoSSN" mode="DTMF">

		   <Audio tts="Please listen to the following.
                       I understand that if my dependent is a Medicare beneficiary and I do not provide the requested information, I may be violating obligations as a beneficiary to assist Medicare in coordinating benefits to pay my claims correctly and promptly.
                       Please press 1 to acknowledge you understand.
                       To go back to the previous menu, press 2.">
				       40361.au
				       40352.au
				       40353.au
				       40227.au
		   </Audio>
		   
		<!--  -->   
		<Choice dtmf="1" targetType="submenu" targetMode="DTMF"
     		             handler="com.ibm.ivr.cvs.handler.SSNValidate" 
		                 dest="SSNValNextMenu:SSNValWhatNext;
		                       depSSNNumberEntered:SPACECHAR" 		
				         targetName="SSNValHandlerResult"/> 
				                                          	                               	
		<Choice dtmf="2" targetType="submenu" targetMode="DTMF" 
				targetName="depSSNnoIECnt"/> 
			      
         <InputError count="1" reprompt="true">
         </InputError>
         
         <InputError count="2" reprompt="true">
         </InputError>

         <InputError count="3" targetType="submenu" dest="appExitReason:SSNValidate; attachedData.Skill:ALL" targetName="PrepareForTransferToIBMCert">
         </InputError>
												
	</SubMenu>
	   		            <!-- ############################ -->
	
	<SubMenu name="depSSNnoIECnt" mode="DTMF" type="BusinessLogic" markPosition="false">
	
		<MenuDefault cond="$depSSNnoIECnt EQ 0"
		             dest="depSSNnoIECnt:1"
		             targetType="submenu" targetMode="DTMF" 
			         targetName="SSNValDependent"/>
	
		<MenuDefault cond="$depSSNnoIECnt EQ 1"
		             dest="depSSNnoIECnt:2"
		             targetType="submenu" targetMode="DTMF" 
			         targetName="SSNValDependent"/>
	
		<MenuDefault targetType="submenu" targetMode="DTMF" targetName="PrepareForTransferToIBMCert" 
			                                                dest="appExitReason:SSNValidate; attachedData.Skill:ALL"/>			
    </SubMenu>

		   		               <!-- ############################ -->
		   		               
 	<SubMenu name="SSNValHandlerResult" mode="DTMF" type="BusinessLogic">
	   		              
            <Email cond="$hRC EQ C, $context.emailAlerts.dbConnectionFailed EQ NULL" 
                                    subject="DB connection Failured" alert="dbConnectionFailed"/>

			<MenuDefault cond="$hRC EQ S" 
			             targetType="submenu" targetMode="DTMF" targetName="$SSNValNextMenu" />
				         
			<MenuDefault targetType="submenu" targetMode="DTMF" dest="appExitReason:SSNValidate; attachedData.Skill:ALL" targetName="PrepareForTransferToIBMCert" />
				
	</SubMenu>
		   		               <!-- ############################ -->
	       	
	<SubMenu name="SSNValWhatNext" mode="DTMF">
	
	   	<Audio   tts="To enter the social security number of another dependent, press 1.
                      To end this call, press 2.">
                 40284.au
                 40222.au
    	</Audio> 

		<!--  -->   
		<Choice dtmf="1" targetType="submenu" targetMode="DTMF"
				targetName="SSNValIdentifier"/>
				
		<Choice dtmf="2" targetType="submenu" targetMode="DTMF"
		        dest="SSNValPlayWarning:false"
				targetName="SSNValGoodBye"/>
				
         <InputError count="1" reprompt="true">
         </InputError>
         
         <InputError count="2" reprompt="true">
         </InputError>
			      
         <InputError count="3" targetType="submenu" dest="appExitReason:SSNValidate; attachedData.Skill:ALL" targetName="PrepareForTransferToIBMCert">
         </InputError>
	</SubMenu>
	
		   		               <!-- ############################ -->
		   		               <!-- ############################ -->
	   		               
       <SubMenu name="SSNValCollectDepSSN" mode="DTMF" clearDTMFBuffer="true"> 

           <!--  -->
		   <Audio tts="Please enter the 9-digit Social Security Number for dependent number:  ">
				       40283.au
				       (identifierEntered:digits)
		   </Audio>
		   
		  <Grammar>ssnNumber.grxml</Grammar>
		
			<!--   -->
		  <Choice dtmf="@ssnNumber" targetType="submenu" 
			      dest="depSSNNumberEntered:$ssnNumber"
			      targetName="SSNValDepSSNConfirm"/>
			      
         <InputError count="1" targetType="submenu" targetMode="DTMF" targetName="depSSNyesIECnt">
         </InputError>
         
         <InputError count="2" targetType="submenu" targetMode="DTMF" targetName="depSSNyesIECnt">
         </InputError>

         <InputError count="3" targetType="submenu" dest="appExitReason:SSNValidate; attachedData.Skill:ALL" targetName="PrepareForTransferToIBMCert">
         </InputError>
         
	   </SubMenu>
	   
		   		               <!-- ############################ -->
	   		               
	<!--   -->
	<SubMenu name="SSNValDepSSNConfirm" mode="DTMF">

		   <Audio tts="You entered.
		               Press 1 for yes.
		               Press 2 for no.">
				       536.au
				       (depSSNNumberEntered:digits)
				       538.au
				       556.au
		   </Audio>
		   
		<!--  -->   
		<Choice dtmf="1" targetType="submenu" targetMode="DTMF"
		        handler="com.ibm.ivr.cvs.handler.SSNValidate" 
		        dest="SSNValNextMenu:SSNValDepSSNSuccess" 				        
				targetName="SSNValHandlerResult"/> 
				                                          	                               	
		<Choice dtmf="2" targetType="submenu" targetMode="DTMF" 
				targetName="depSSNyesIECnt"/> 
			      
         <InputError count="1" reprompt="true">
         </InputError>
         
         <InputError count="2" reprompt="true">
         </InputError>

         <InputError count="3" targetType="submenu" dest="appExitReason:SSNValidate; attachedData.Skill:ALL" targetName="PrepareForTransferToIBMCert">
         </InputError>
								
	</SubMenu>
	   		            <!-- ############################ -->
	
	<SubMenu name="depSSNyesIECnt" mode="DTMF" type="BusinessLogic" markPosition="false">
	
		<MenuDefault cond="$depSSNyesIECnt EQ 0"
		             dest="depSSNyesIECnt:1"
		             targetType="submenu" targetMode="DTMF" 
			         targetName="SSNValCollectDepSSN"/>
	
		<MenuDefault cond="$depSSNyesIECnt EQ 1"
		             dest="depSSNyesIECnt:2"
		             targetType="submenu" targetMode="DTMF" 
			         targetName="SSNValCollectDepSSN"/>
	
		<MenuDefault targetType="submenu" targetMode="DTMF" targetName="PrepareForTransferToIBMCert" 
			                                                dest="appExitReason:SSNValidate; attachedData.Skill:ALL"/>			
    </SubMenu>
	   
		   		               <!-- ############################ -->

	<!--  -->       	
	<SubMenu name="SSNValDepSSNSuccess" mode="DTMF" type="PromptPlay">
	
	   	<Audio   tts="You have successfully updated the social security number for dependent">
                 40286.au
                 (depSSNNumberEntered:digits)    
    	</Audio> 

        <MenuDefault targetType="submenu" targetMode="DTMF" targetName="SSNValAnotherDepSSN"/>			
	</SubMenu>
	   
		   		               <!-- ############################ -->
	
	<!--   -->
	<SubMenu name="SSNValAnotherDepSSN" mode="DTMF">

		<Audio tts="To enter the social security number of another dependent, press 1.
                    To end this call, press 2.">
			40284.au
			40222.au
		</Audio>
		
		<Choice dtmf="1" targetType="submenu" targetMode="DTMF" dest="SSNValInitialPrompt:false" targetName="SSNValIdentifier"/>	
		
		<Choice dtmf="2" targetType="submenu" targetMode="DTMF" dest="SSNValPlayWarning:false" targetName="SSNValGoodBye"/>	
				
         <InputError count="1" reprompt="true">
         </InputError>
         
         <InputError count="2" reprompt="true">
         </InputError>

         <InputError count="3" targetType="submenu" dest="appExitReason:SSNValidate; attachedData.Skill:ALL" targetName="PrepareForTransferToIBMCert">
         </InputError>
														
	</SubMenu>
	
		   		               <!-- ############################ -->	
		   		               <!-- ############################ -->	
		   		               
	<!--  -->       	
	<SubMenu name="SSNValMainMenu" mode="DTMF" type="PromptPlay">
	
	   	<Audio   tts="Please be informed that you have not provided Social Security Number Validation for your dependent or dependents.">
                 40281.au     
    	</Audio> 

        <MenuDefault targetType="submenu" targetMode="DTMF" targetName="CertificationMainMenu"/>			
	</SubMenu>
	
		   		               <!-- ############################ -->
	<!--  -->       	
	<SubMenu name="SSNValGoodBye" mode="DTMF" type="PromptPlay" endCall="true">
	
	   	<Audio  cond="$SSNValPlayWarning EQ true" 
	   	         tts="Please be informed that you have not provided Social Security Number Validation for your dependent or dependents.">
                 40281.au     
   	</Audio> 
	   	<Audio   tts="Thank you for calling the CVS Social Security Validation Line.
                      GoodBye.">
                 40282.au
                 9995.au
    	</Audio> 
			
	</SubMenu>
		
	   		              <!-- ############################ -->
		   		          <!-- ############################ -->
</CallRouting>